node_id,top1_business,top1_pred_cost,top1_pred_profit,top1_profit_positive,top2_business,top2_pred_cost,top2_pred_profit,top2_profit_positive,top3_business,top3_pred_cost,top3_pred_profit,top3_profit_positive
05238a27ee69809720e284fea4b74100,10000251,1.24,5.22,1,10000256,1.06,5.22,1,10000193,1.01,5.22,1
13da1c774e5e4207a732aef1aff8790b,10000304,439.04,117.03,1,10000064,172.08,37.78,1,10000251,1.24,5.22,1
183088f93d1a45e5cb2d3cc11436a70b,1380317970,191.1,38.85,1,10000292,140.33,29.72,1,10000079,87.88,32.8,1
1fd1a65049cdc12c1e53df5452614000,10000079,558.84,42.52,1,10000251,1.24,5.22,1,10000256,1.06,5.22,1
2075bb6257b8acbf7aaf75364621a90c,10000079,521.78,48.09,1,10000069,481.68,37.99,1,10000292,414.48,34.29,1
2e752f158785921d7932f8c43eddba09,10000079,558.84,42.52,1,10000251,1.24,5.22,1,10000256,1.06,5.22,1
3a7c931f78dcb8c22198f461f815b40b,10000079,558.84,42.52,1,10000304,439.04,117.03,1,10000251,1.24,5.22,1
3e0f48965a0b459f613a32428ebcd803,10000069,510.9,112.02,1,10000079,414.85,37.59,1,10000292,357.55,34.06,1
3eec0bd3a71d8641aa2644b5d8938600,10000251,1.24,5.22,1,10000256,1.06,5.22,1,10000193,1.01,5.22,1
460b2b629ea374ccc04f4f5627239702,10000292,425.77,43.48,1,10000278,33.84,23.77,1,10000251,1.24,5.22,1
4e08d3ea84c67ac5dbb5c4c53dccc105,10000304,439.04,117.03,1,10000251,1.24,5.22,1,10000256,1.06,5.22,1
53871f9078043b2e0601dc6846db1f00,10000304,439.04,117.03,1,10000251,1.24,5.22,1,10000256,1.06,5.22,1
5992089909bca874ea298ac5d2080405,10000292,425.77,43.48,1,10000281,315.21,63.94,1,10000279,308.48,23.59,1
6045054ea502c249aee911636c05dd07,10000096,770.89,206.93,1,10000069,420.91,214.71,1,10000079,406.17,31.15,1
6297b610cdd25c5c12d2ee4a39696802,10000304,439.04,117.03,1,10000251,1.24,5.22,1,10000256,1.06,5.22,1
663ac4eaadefd284f8b120d8c5b45e04,1380317970,376.28,57.81,1,10000069,367.96,86.97,1,10000304,296.58,84.7,1
6af03b8af83f412d8b35edd01d34650c,10000292,425.77,43.48,1,10000278,33.84,23.77,1,10000251,1.24,5.22,1
7210436097e98e95a46ed1330e25c207,10000123,238.07,47.36,1,10000251,1.24,5.22,1,10000256,1.06,5.22,1
7ff360fac71f39b9363020c8978f6a05,10000069,653.08,177.73,1,10000079,558.84,42.52,1,10000251,1.24,5.22,1
814315cd14dfb4b05687b74bb3b4c000,10000292,425.77,43.48,1,10000278,33.84,23.77,1,10000251,1.24,5.22,1
85cec1eeb31a1674de4f75f7e5e4ae07,10000251,1.24,5.22,1,10000256,1.06,5.22,1,10000193,1.01,5.22,1
85ea3848fcfdbb061799f17636dad000,10000292,425.77,43.48,1,10000278,33.84,23.77,1,10000251,1.24,5.22,1
86752eea4d7095d80bcda4c9df97b902,10000019,19.11,13.1,1,10000251,1.24,5.22,1,10000256,1.06,5.22,1
86c2ab326306c9cd2e1478b50ab76306,10000079,558.84,42.52,1,10000251,1.24,5.22,1,10000256,1.06,5.22,1
8b0dfbce8450e2916fd728c8d469e106,10000292,425.77,43.48,1,1380317970,391.28,61.45,1,10000278,33.84,23.77,1
902158f3a7f53291844b09bdd5217801,10000292,425.77,43.48,1,10000281,315.21,63.94,1,10000279,308.48,23.59,1
970fe3412dc180ab7ef041a61761e500,10000251,1.24,5.22,1,10000256,1.06,5.22,1,10000193,1.01,5.22,1
98a94e2fc875608b35c124de1f15f000,10000304,2152.74,410.92,1,1380460970,1969.82,591.04,1,10000096,1945.77,264.94,1
9e18881c2cea92f7308f072d124a4705,10000292,425.77,43.48,1,10000278,33.84,23.77,1,10000251,1.24,5.22,1
a269eb2069b42ec6e00dae382c03d302,10000292,425.77,43.48,1,10000123,238.07,47.36,1,10000278,33.84,23.77,1
ant03128259ed13dd71f43a88c32c90a,10000047,12.08,7.12,1,1380389889,11.39,5.83,1,10000307,10.5,6.23,1
ant0444348fb41921dba107ef50fc401,10000251,1.24,5.22,1,10000256,1.06,5.22,1,10000193,1.01,5.22,1
ant079b9d09e1acbb614a6ea60137a04,1380389889,15.0,7.32,1,10000041,14.06,7.04,1,10000307,9.51,7.72,1
ant0a51f29d54994d64657849014d207,1380389889,23.66,5.83,1,10000019,19.11,13.1,1,10000251,1.24,5.22,1
ant0adc1db1f3046d02e515fe032960a,10000019,19.11,13.1,1,10000054,9.27,5.83,1,10000251,1.24,5.22,1
ant0d125505d4272f81d17032c2e7306,10000019,19.11,13.1,1,10000006,11.78,6.23,1,10000251,1.24,5.22,1
ant0d44b38bf50c465e8097b4e91990c,10000019,19.11,13.1,1,10000006,11.78,6.23,1,10000054,9.27,5.83,1
ant10b918bc74d3bd314a9d7e60fb801,1380389889,23.66,5.83,1,10000307,20.4,6.23,1,10000019,19.11,13.1,1
ant13c015bb40e9f19efb3c58b1d8c0c,10000019,19.11,13.1,1,10000006,11.78,6.23,1,10000251,1.24,5.22,1
ant16cca388ea10b257cdc139559c509,1380389889,23.66,5.83,1,1382490022,15.53,5.83,1,10000127,2.57,5.22,1
ant19a18d53c3fb607498d67cb626804,10000303,1.55,5.22,1,10000251,1.24,5.22,1,10000256,1.06,5.22,1
ant1ac28c744d825ed039d646f736301,10000019,19.11,13.1,1,1382490022,15.53,5.83,1,10000251,1.24,5.22,1
ant1c1702b38501070286f169b26ba0b,1382490022,15.53,5.83,1,10000251,1.24,5.22,1,10000256,1.06,5.22,1
ant2009bb2ce7e5f3a608a295113f805,10000251,1.24,5.22,1,10000256,1.06,5.22,1,10000193,1.01,5.22,1
ant2009f4e9bb3093f5bb6645c5f2a06,10000149,5.31,5.41,1,10000129,2.9,5.22,1,10000251,1.24,5.22,1
ant200cd964c448c33198f1bbf99a308,10000251,1.24,5.22,1,10000256,1.06,5.22,1,10000193,1.01,5.22,1
ant2010c8c7c2cf631128d54b76e0d05,10000251,1.24,5.22,1,10000256,1.06,5.22,1,10000193,1.01,5.22,1
ant20119a091feec3f41b70df203f306,10000251,1.24,5.22,1,10000256,1.06,5.22,1,10000193,1.01,5.22,1
ant20119a9a05dcb3fb6bc103ad2d106,10000251,1.24,5.22,1,10000256,1.06,5.22,1,10000193,1.01,5.22,1
ant20159b243e2dd3e9daa87fa4bbd03,10000251,1.24,5.22,1,10000256,1.06,5.22,1,10000193,1.01,5.22,1
ant20192afa54392311a8b93bee8b602,10000038,3.21,5.22,1,10000251,1.24,5.22,1,10000256,1.06,5.22,1
ant201aff1c0922b3342b0964f0ace05,10000149,5.31,5.41,1,10000251,1.24,5.22,1,10000256,1.06,5.22,1
ant201ba4a4a183f3e19ae73adc48102,10000050,4.74,5.22,1,10000251,3.15,5.22,1,10000303,1.68,5.22,1
ant202ff20a7959b37d89d0a6570ed0b,10000251,1.24,5.22,1,10000256,1.06,5.22,1,10000193,1.01,5.22,1
ant204f85e53e197397fa2444a8cb301,10000149,5.31,5.41,1,10000038,3.21,5.22,1,10000129,2.9,5.22,1
ant206271ebf66ca3b049b6582235905,10000251,1.24,5.22,1,10000256,1.06,5.22,1,10000193,1.01,5.22,1
ant2066cd357f5a03d9494207300e909,10000251,1.24,5.22,1,10000256,1.06,5.22,1,10000193,1.01,5.22,1
ant206c700b2aca33ad2a6ad4f6f0c0c,10000251,1.24,5.22,1,10000256,1.06,5.22,1,10000193,1.01,5.22,1
ant206dcead71830371393884e7ae90c,10000251,1.24,5.22,1,10000256,1.06,5.22,1,10000193,1.01,5.22,1
ant207b4d7ea533a3c9b9a815010e902,10000303,1.55,5.22,1,10000251,1.24,5.22,1,10000256,1.06,5.22,1
ant208623238f95a341bb2e2cc4c6b06,10000050,3.11,5.22,1,10000251,1.24,5.22,1,10000256,1.06,5.22,1
ant208a4f8f3d7043afdb516272cb902,10000251,1.24,5.22,1,10000256,1.06,5.22,1,10000193,1.01,5.22,1
ant2095ab86466143475bd1c9e3f3606,10000149,5.31,5.41,1,10000251,1.24,5.22,1,10000256,1.06,5.22,1
ant209cff6423d0439f0a7c2a3f7b403,10000251,1.24,5.22,1,10000256,1.06,5.22,1,10000193,1.01,5.22,1
ant209e1ba100f3f3fbfb1d229d7b102,10000038,3.21,5.22,1,10000251,1.24,5.22,1,10000256,1.06,5.22,1
ant20a90b21adc3a301a83656e1bc909,10000251,1.24,5.22,1,10000256,1.06,5.22,1,10000193,1.01,5.22,1
ant20b4b25530cd630e89b35b448040b,10000149,5.63,5.41,1,10000083,3.96,5.22,1,10000099,3.92,5.22,1
ant20b6611a273b2321caae1721a7005,10000251,1.24,5.22,1,10000256,1.06,5.22,1,10000193,1.01,5.22,1
ant20bb6ca54b41833de84193deaf60b,10000251,1.24,5.22,1,10000256,1.06,5.22,1,10000193,1.01,5.22,1
ant20bc26411357d3349a93ef7e1150a,10000251,1.24,5.22,1,10000256,1.06,5.22,1,10000193,1.01,5.22,1
ant20c593a28630c35128db82388ce09,10000251,1.24,5.22,1,10000256,1.06,5.22,1,10000193,1.01,5.22,1
ant20c72d529f51e3e468c4bd0599f06,10000251,1.24,5.22,1,10000256,1.06,5.22,1,10000193,1.01,5.22,1
ant20cb115ab21703362af40f0cad404,10000251,1.24,5.22,1,10000256,1.06,5.22,1,10000193,1.01,5.22,1
ant20ce6793c1562359abe9642ad1105,10000149,5.31,5.41,1,10000129,2.9,5.22,1,10000251,1.24,5.22,1
ant20cf6bfefec9c36e59b3ade897c03,10000251,1.24,5.22,1,10000256,1.06,5.22,1,10000193,1.01,5.22,1
ant20d5000c50364399fa13b1d200508,10000251,1.24,5.22,1,10000256,1.06,5.22,1,10000193,1.01,5.22,1
ant20d50fbfd85813083913fd24d1f0c,10000038,2.59,5.22,1,10000149,2.38,5.41,1,10000129,2.18,5.22,1
ant20d82838784e93d8da3edde6bdd01,10000251,1.24,5.22,1,10000256,1.06,5.22,1,10000193,1.01,5.22,1
ant20e0c75cd6e2c302fb7090d333109,10000251,1.24,5.22,1,10000256,1.06,5.22,1,10000193,1.01,5.22,1
ant20e72f66d6fd03926b8af529fe403,10000251,1.24,5.22,1,10000256,1.06,5.22,1,10000193,1.01,5.22,1
ant20e75175f345d379f94572b668301,10000251,1.24,5.22,1,10000256,1.06,5.22,1,10000193,1.01,5.22,1
ant20ead01b47466303e823530cd8808,10000251,1.24,5.22,1,10000256,1.06,5.22,1,10000193,1.01,5.22,1
ant20f49fea328b23e69a89214dbb103,10000038,3.21,5.22,1,10000251,1.24,5.22,1,10000256,1.06,5.22,1
ant20fcffb572504322a9c999274450a,10000050,3.47,5.22,1,10000238,0.49,5.22,1,10000193,0.38,5.22,1
ant20ff97a006f0c33a486a802cb6d08,10000251,1.24,5.22,1,10000256,1.06,5.22,1,10000193,1.01,5.22,1
ant2113833c5d4ec30f98192c9b0c102,10000303,1.55,5.22,1,10000251,1.24,5.22,1,10000256,1.06,5.22,1
ant2113ed098f60b3c2f8bba3745f508,10000251,1.24,5.22,1,10000256,1.06,5.22,1,10000193,1.01,5.22,1
ant2115f5194594e3d2287eb5aa5e406,10000251,1.24,5.22,1,10000256,1.06,5.22,1,10000193,1.01,5.22,1
ant211bb83b32107338aa2ad16e8bc02,10000149,5.31,5.41,1,10000038,3.21,5.22,1,10000251,1.24,5.22,1
ant212a5a23eb13839da9967e3befc07,10000050,3.11,5.22,1,10000251,1.24,5.22,1,10000256,1.06,5.22,1
ant212dfbac2207635bb85949b79870a,10000251,1.24,5.22,1,10000256,1.06,5.22,1,10000193,1.01,5.22,1
ant212f36976ab7733269c883c078207,10000251,1.24,5.22,1,10000256,1.06,5.22,1,10000193,1.01,5.22,1
ant21427572f0e023f389773d740fb00,10000149,7.42,5.41,1,10000129,5.28,5.22,1,10000084,3.87,5.95,1
ant214ba17fad3913e82b5bbdd6ea208,10000251,1.24,5.22,1,10000256,1.06,5.22,1,10000193,1.01,5.22,1
ant2151ce82503a430968cf2efd9f201,10000251,1.84,5.22,1,10000273,0.9,5.22,1,10000238,0.65,5.22,1
ant2158f6ac99b9a7a9dcc5f31c76b0a,10000019,19.11,13.1,1,10000006,11.78,6.23,1,10000251,1.24,5.22,1
ant21594e569220337fd83450caa8604,10000251,1.24,5.22,1,10000256,1.06,5.22,1,10000193,1.01,5.22,1
ant215999c065a6f37df8304a1cad300,10000217,1.2,5.22,1,10000193,0.48,5.22,1,10000168,0.43,5.22,1
ant215d6262d0d6c3487a3041d8b6307,10000149,5.31,5.41,1,10000038,3.21,5.22,1,10000251,1.24,5.22,1
ant215eb3b75cc8f3f4bb372eeec6503,10000303,1.55,5.22,1,10000251,1.24,5.22,1,10000256,1.06,5.22,1
ant216126b1a511b3865bae5c4e2a001,10000303,1.55,5.22,1,10000251,1.24,5.22,1,10000256,1.06,5.22,1
ant2162c28ace3f438bf983fe20c9303,10000251,1.24,5.22,1,10000256,1.06,5.22,1,10000193,1.01,5.22,1
ant2163b52190b9c37508234a4d06901,10000149,3.95,5.41,1,10000084,3.23,5.95,1,10000038,2.49,5.22,1
ant2164d19de621f3454b3d605a9ac0a,10000251,1.24,5.22,1,10000256,1.06,5.22,1,10000193,1.01,5.22,1
ant2167474524ee032ae87cf20c32502,10000303,1.55,5.22,1,10000251,1.24,5.22,1,10000256,1.06,5.22,1
ant2167d5338eae43115ad0790e80302,10000251,1.24,5.22,1,10000256,1.06,5.22,1,10000193,1.01,5.22,1
ant21707b66643923e1b8d53d513040a,10000251,1.24,5.22,1,10000256,1.06,5.22,1,10000193,1.01,5.22,1
ant217325c4631553758a6ab3a5db605,10000038,3.21,5.22,1,10000251,1.24,5.22,1,10000256,1.06,5.22,1
ant217db9e4eb1d43d30ae69f2245307,10000251,1.24,5.22,1,10000256,1.06,5.22,1,10000193,1.01,5.22,1
ant2185840ca42d93b4287022d419b00,10000251,1.24,5.22,1,10000256,1.06,5.22,1,10000193,1.01,5.22,1
ant21a22cd1ae28e3e049f422f944208,10000251,1.24,5.22,1,10000256,1.06,5.22,1,10000193,1.01,5.22,1
ant21a93e2432ee4398bbafa171ce50c,10000084,3.33,5.95,1,10000083,2.57,5.22,1,10000251,2.07,5.22,1
ant21b6de0975b983bf6af167f14a606,10000251,1.24,5.22,1,10000256,1.06,5.22,1,10000193,1.01,5.22,1
ant21bcd9bbc540132798df10d9fda0b,10000251,1.24,5.22,1,10000238,1.16,5.22,1,10000256,1.06,5.22,1
ant21cafde6b63c5340d94dd53b92508,10000193,1.17,5.22,1,10000182,0.94,5.22,1,10000288,0.92,5.22,1
ant21cdb4919877a3a4989f45a566c0a,10000251,1.24,5.22,1,10000256,1.06,5.22,1,10000193,1.01,5.22,1
ant21d57f6f34d15377a9d93c5ee3503,10000251,1.24,5.22,1,10000256,1.06,5.22,1,10000193,1.01,5.22,1
ant21e328177a8f23ab89dbef767eb01,10000251,1.24,5.22,1,10000238,1.16,5.22,1,10000256,1.06,5.22,1
ant21e62850d37e33e89b1b11b6e3205,10000303,1.55,5.22,1,10000251,1.24,5.22,1,10000256,1.06,5.22,1
ant21ea0abc81d363b44be109da3c303,10000251,1.79,5.22,1,10000303,0.72,5.22,1,10000256,0.62,5.22,1
ant21fd5ae78356e323c928c95cf9309,10000303,1.55,5.22,1,10000251,1.24,5.22,1,10000256,1.06,5.22,1
ant220024103de9e3f29a3402fbab208,10000251,1.24,5.22,1,10000238,1.16,5.22,1,10000256,1.06,5.22,1
ant22032803c5e6233dcb09deaea0504,10000303,1.55,5.22,1,10000251,1.24,5.22,1,10000256,1.06,5.22,1
ant2206f50941f333838b8a717236707,10000038,4.27,5.22,1,10000149,3.66,5.41,1,10000050,3.24,5.22,1
ant220de1dcec0353b84928e020f2904,10000303,1.55,5.22,1,10000251,1.24,5.22,1,10000256,1.06,5.22,1
ant220f7694dde103fbfb3430e561705,10000251,1.24,5.22,1,10000256,1.06,5.22,1,10000193,1.01,5.22,1
ant2210fd262c91f3302a20bd54a5903,10000149,2.16,5.41,1,10000038,2.04,5.22,1,10000083,1.78,5.22,1
ant2213851919dc53ab3b8e63ee1ee0c,10000038,3.21,5.22,1,10000251,1.24,5.22,1,10000256,1.06,5.22,1
ant2220eb38b47793febb8698bbefc08,10000050,2.61,5.22,1,10000182,1.07,5.22,1,10000168,1.06,5.22,1
ant2229467626be73c1787c89e3f4a0a,10000149,4.11,5.41,1,10000084,2.47,5.95,1,10000129,2.38,5.22,1
ant223f9a1cc927535858ca8b44a010c,10000251,1.24,5.22,1,10000238,1.16,5.22,1,10000256,1.06,5.22,1
ant2245cc1082baa357bb57af2b3ea09,10000303,1.55,5.22,1,10000251,1.24,5.22,1,10000256,1.06,5.22,1
ant224686a26b2173d959a00c3686c0a,10000050,3.11,5.22,1,10000251,1.24,5.22,1,10000256,1.06,5.22,1
ant2247aef17b9533dc5ac3b8fd89a06,10000251,1.24,5.22,1,10000256,1.06,5.22,1,10000193,1.01,5.22,1
ant2248d9a859f293204a43c51391d02,10000303,1.55,5.22,1,10000251,1.24,5.22,1,10000256,1.06,5.22,1
ant2251de598d49c315aa85e2119f00b,10000251,1.24,5.22,1,10000256,1.06,5.22,1,10000193,1.01,5.22,1
ant225626cc60a993567815c6148b20b,10000251,1.24,5.22,1,10000256,1.06,5.22,1,10000193,1.01,5.22,1
ant225d032e81f805bf270765f469a06,1380389889,14.75,5.83,1,10000307,14.4,6.23,1,10000019,14.04,13.1,1
ant22608de3cf3df3873b93ba5c49905,10000251,1.24,5.22,1,10000256,1.06,5.22,1,10000193,1.01,5.22,1
ant2261241b8a6de3cc582cb09bf1c09,10000149,5.31,5.41,1,10000251,1.24,5.22,1,10000256,1.06,5.22,1
ant226210a218e363f709aab97b4b105,10000251,1.24,5.22,1,10000256,1.06,5.22,1,10000193,1.01,5.22,1
ant2279f4906d96d3495ad78b6e40a00,10000251,1.24,5.22,1,10000256,1.06,5.22,1,10000193,1.01,5.22,1
ant227efd3653d013fbe808c6e169803,10000251,1.24,5.22,1,10000256,1.06,5.22,1,10000193,1.01,5.22,1
ant227f720dc3c2738a98924d82d6203,10000251,1.24,5.22,1,10000256,1.06,5.22,1,10000193,1.01,5.22,1
ant2282ba6f852763ea5ab988999be02,10000251,1.24,5.22,1,10000256,1.06,5.22,1,10000193,1.01,5.22,1
ant228376a92e20f36e88bba106c4503,10000251,1.24,5.22,1,10000238,1.16,5.22,1,10000256,1.06,5.22,1
ant2298ffc09bed0375c803c0f9b1206,10000251,3.07,5.22,1,10000217,1.27,5.22,1,10000097,1.45,5.22,1
ant229e6303f4a563e93ab5ba3d7d905,10000251,1.24,5.22,1,10000238,1.16,5.22,1,10000256,1.06,5.22,1
ant22b9c8f89b5563cb7a7e807d55d07,10000251,1.24,5.22,1,10000256,1.06,5.22,1,10000193,1.01,5.22,1
ant22c68c2be7b13301d8ec02aa1600a,10000251,1.24,5.22,1,10000256,1.06,5.22,1,10000193,1.01,5.22,1
ant22c6d43517ac6399f95458b300103,10000149,5.93,5.41,1,10000099,4.69,5.22,1,10000083,4.2,5.22,1
ant22c74592918f83db482964e39670c,10000303,1.55,5.22,1,10000251,1.24,5.22,1,10000256,1.06,5.22,1
ant22cbdf185d3423f5693dc9e37ea06,10000038,3.21,5.22,1,10000050,3.11,5.22,1,10000129,2.9,5.22,1
ant22d60c6399870355b8a9445326601,10000084,7.8,5.95,1,10000149,5.31,5.41,1,10000038,3.21,5.22,1
ant22defa20c507034e5b3baa3d63b0a,10000251,1.24,5.22,1,10000256,1.06,5.22,1,10000193,1.01,5.22,1
ant22df5fe3994f63c39852348725807,10000251,1.24,5.22,1,10000256,1.06,5.22,1,10000193,1.01,5.22,1
ant22ea2b015779b307b817090edee04,10000149,4.21,5.41,1,10000038,3.52,5.22,1,10000084,2.84,5.95,1
ant22efe12fde580337b8e18481e2907,10000251,1.24,5.22,1,10000256,1.06,5.22,1,10000193,1.01,5.22,1
ant230727693ec5d332182ed7bf0ea02,10000050,4.86,5.22,1,10000251,1.42,5.22,1,10000303,1.28,5.22,1
ant2309001cd28dd3fe2baa7425ef808,10000251,1.24,5.22,1,10000256,1.06,5.22,1,10000193,1.01,5.22,1
ant2309d72ac119810ca55b096f68c03,1380389889,23.66,5.83,1,10000251,1.24,5.22,1,10000256,1.06,5.22,1
ant230bd1444972e3561aa18ffffea07,10000251,1.24,5.22,1,10000256,1.06,5.22,1,10000193,1.01,5.22,1
ant2320a56ce7653302196fd3d063c03,10000038,4.96,5.22,1,10000097,1.11,5.22,1,10000193,0.79,5.22,1
ant2336324d7e0b63193ab2b02c99203,10000251,1.24,5.22,1,10000256,1.06,5.22,1,10000193,1.01,5.22,1
ant233a47fd61abd395c9199c2699206,10000251,2.62,5.22,1,10000193,0.69,5.22,1,10000208,0.68,5.22,1
ant233a5b1c277493374abf0c7c0a807,10000303,1.55,5.22,1,10000251,1.24,5.22,1,10000256,1.06,5.22,1
ant234187955a06b3fe5b3049556330a,10000251,1.24,5.22,1,10000256,1.06,5.22,1,10000193,1.01,5.22,1
ant2341e12ba0b13329ea7faaee87504,10000251,1.24,5.22,1,10000256,1.06,5.22,1,10000193,1.01,5.22,1
ant2349529570acf3774ac10e3095903,10000251,1.24,5.22,1,10000256,1.06,5.22,1,10000193,1.01,5.22,1
ant235a508755d613d889df567e54c07,10000099,3.36,5.22,1,10000129,2.9,5.22,1,10000251,1.24,5.22,1
ant23677e80475b736b2a40672f99b01,10000129,2.9,5.22,1,10000251,1.24,5.22,1,10000256,1.06,5.22,1
ant2368e4a46071e3dcda45921d60904,10000251,1.24,5.22,1,10000256,1.06,5.22,1,10000193,1.01,5.22,1
ant2372a3ab814d83be9a6220228390c,10000251,1.24,5.22,1,10000256,1.06,5.22,1,10000193,1.01,5.22,1
ant2372da2a47dcc3793b6518d6be807,10000251,1.24,5.22,1,10000256,1.06,5.22,1,10000193,1.01,5.22,1
ant2376c27cbfc463b958c2f445b0e03,10000303,1.55,5.22,1,10000251,1.24,5.22,1,10000256,1.06,5.22,1
ant238139a0796c038b485b602271a01,10000303,1.55,5.22,1,10000251,1.24,5.22,1,10000256,1.06,5.22,1
ant23815835db4ef3595b37bcda2bb08,10000050,3.16,5.22,1,10000097,1.94,5.22,1,10000303,1.64,5.22,1
ant23820b7382b493f24994fac5a7407,10000149,6.1,5.41,1,10000084,4.66,5.95,1,10000251,3.13,5.22,1
ant2383912b250923d659851b696e60c,10000303,1.55,5.22,1,10000251,1.24,5.22,1,10000256,1.06,5.22,1
ant238ae3b7c6f0e3131a0c43ba96f08,10000303,1.55,5.22,1,10000251,1.24,5.22,1,10000256,1.06,5.22,1
ant238b04165dab7314396de78f14c01,10000251,1.24,5.22,1,10000256,1.06,5.22,1,10000193,1.01,5.22,1
ant23904106dcc4a3fff979035ff2f00,10000274,0.67,5.41,1,10000208,0.56,5.22,1,10000193,0.5,5.22,1
ant23905d3b566573d52b44b74a0d704,10000251,1.24,5.22,1,10000256,1.06,5.22,1,10000193,1.01,5.22,1
ant23937ca5fe68d320fbc1357c8fe07,10000251,2.62,5.22,1,10000193,0.7,5.22,1,10000208,0.69,5.22,1
ant239ee18aa64083bf6b6a506620807,10000251,1.24,5.22,1,10000256,1.06,5.22,1,10000193,1.01,5.22,1
ant23a9ffe5db619348fb6238383ec02,10000083,2.09,5.22,1,10000149,2.05,5.41,1,10000038,2.02,5.22,1
ant23af6a3a389693fa8a6c12367d40a,10000251,1.24,5.22,1,10000256,1.06,5.22,1,10000193,1.01,5.22,1
ant23b04e46daa103b09b0b3db314d09,10000038,3.21,5.22,1,10000050,3.11,5.22,1,10000251,1.24,5.22,1
ant23bd8f81ba556346ead016d1db80b,10000303,1.55,5.22,1,10000251,1.24,5.22,1,10000256,1.06,5.22,1
ant23c28d286f86d3d8ca8c59a1f120b,10000038,3.21,5.22,1,10000129,2.9,5.22,1,10000251,1.24,5.22,1
ant23c3e98958e0f3058b3f8b3d05e08,10000149,2.54,5.41,1,10000084,1.42,5.95,1,10000129,1.31,5.22,1
ant23c6dfc70d03236da905d26069d08,10000251,1.24,5.22,1,10000256,1.06,5.22,1,10000193,1.01,5.22,1
ant23d1ee976fcc13c01be305eb2eb0c,10000251,1.24,5.22,1,10000256,1.06,5.22,1,10000193,1.01,5.22,1
ant23d69eed0043d3a2f80e68a071c03,10000050,2.91,5.22,1,10000193,0.63,5.22,1,10000238,0.57,5.22,1
ant23df3c64b151e309cb83d593aec0c,10000149,7.49,6.54,1,10000084,6.31,8.56,1,10000083,4.52,6.35,1
ant23e4178c339663b4781af5fe09b02,10000050,3.11,5.22,1,10000251,1.24,5.22,1,10000238,1.16,5.22,1
ant23eef5cc32c6632c98f1cf7238907,10000251,1.24,5.22,1,10000256,1.06,5.22,1,10000193,1.01,5.22,1
ant23f2ab910426634f1ba1247d6ce02,10000251,1.24,5.22,1,10000256,1.06,5.22,1,10000193,1.01,5.22,1
ant23fd48361fb63348594cf5cfce609,10000251,1.24,5.22,1,10000256,1.06,5.22,1,10000193,1.01,5.22,1
ant23ff0224d237b33b59dc4b1043d05,10000303,1.55,5.22,1,10000251,1.24,5.22,1,10000256,1.06,5.22,1
ant2406e3d34cc4633959cf53a0cd604,10000251,1.24,5.22,1,10000256,1.06,5.22,1,10000193,1.01,5.22,1
ant240abb6229a843a5faf0faca41800,10000251,1.24,5.22,1,10000256,1.06,5.22,1,10000193,1.01,5.22,1
ant241348fdc8e1f3caa8c3398181f09,10000149,4.31,5.41,1,10000099,1.93,5.22,1,10000193,0.53,5.22,1
ant2415ed68ffc0735029f6d45eff501,10000251,1.24,5.22,1,10000256,1.06,5.22,1,10000193,1.01,5.22,1
ant2417e48a1d6ff317a9b9e5d92ef07,10000251,1.24,5.22,1,10000256,1.06,5.22,1,10000193,1.01,5.22,1
ant241e14f857cba3735b09945c6fa02,10000251,1.24,5.22,1,10000256,1.06,5.22,1,10000193,1.01,5.22,1
ant242df7e6649c23ac5b4985a3fc407,10000303,1.55,5.22,1,10000251,1.24,5.22,1,10000256,1.06,5.22,1
ant2437a6be033fc36b1abe4c2a33b0c,10000303,1.55,5.22,1,10000251,1.24,5.22,1,10000256,1.06,5.22,1
ant2439776ea7e0d3abcb4deee233709,10000050,3.11,5.22,1,10000251,1.24,5.22,1,10000256,1.06,5.22,1
ant243b43c1d27683fd3a640681da401,10000099,7.93,5.22,1,10000129,7.14,5.22,1,10000149,6.94,5.41,1
ant243e371f7bdaf324ab954b8d0f20a,10000303,1.55,5.22,1,10000251,1.24,5.22,1,10000256,1.06,5.22,1
ant24440fa8bf0153fbc9606274e7f0b,10000050,2.93,5.22,1,10000038,2.47,5.22,1,10000251,2.16,5.22,1
ant244744372fd6a3ae5b3822d75c808,10000251,1.24,5.22,1,10000256,1.06,5.22,1,10000193,1.01,5.22,1
ant244a5247a397a3d12bf1a987c0a08,10000251,1.24,5.22,1,10000256,1.06,5.22,1,10000193,1.01,5.22,1
ant244b25144b80132cd8b3877583407,10000251,1.24,5.22,1,10000256,1.06,5.22,1,10000193,1.01,5.22,1
ant244cf394ec18637e091cb186e3805,10000038,3.48,5.22,1,10000149,3.48,5.41,1,10000129,3.37,5.22,1
ant245334cbbf91f3c0f869b3d872c07,10000084,7.8,5.95,1,10000251,1.24,5.22,1,10000256,1.06,5.22,1
ant245b5e383e92131c88b960285b903,10000251,1.24,5.22,1,10000256,1.06,5.22,1,10000193,1.01,5.22,1
ant2461685ab99ae38928abaf2729b02,10000149,5.41,5.41,1,10000084,3.91,7.43,1,10000050,2.45,5.22,1
ant2470e9c549384398297649ea9be04,10000251,1.24,5.22,1,10000256,1.06,5.22,1,10000193,1.01,5.22,1
ant247a71afc280f335399c2ee5a620b,10000251,1.24,5.22,1,10000256,1.06,5.22,1,10000193,1.01,5.22,1
ant247ae02157e93376d9cece3c29008,10000251,1.24,5.22,1,10000256,1.06,5.22,1,10000193,1.01,5.22,1
ant247bed642351b3536bb740937ed03,10000303,1.55,5.22,1,10000251,1.24,5.22,1,10000256,1.06,5.22,1
ant248ae602276183af09bd978cf4a09,10000251,1.24,5.22,1,10000256,1.06,5.22,1,10000193,1.01,5.22,1
ant248b1938173713e42bd29fabbc604,10000084,7.8,5.95,1,10000149,5.31,5.41,1,10000038,3.21,5.22,1
ant248b27ca2cdc03443b218883a6505,10000251,1.24,5.22,1,10000256,1.06,5.22,1,10000193,1.01,5.22,1
ant248eaf018c3c6ab5e93cc6053c000,10000303,1.55,5.22,1,10000251,1.24,5.22,1,10000256,1.06,5.22,1
ant249037f3af4c83486b03ad4b8ef04,10000251,1.24,5.22,1,10000256,1.06,5.22,1,10000193,1.01,5.22,1
ant24a094cc9d90d382ab4212ad18709,10000251,1.24,5.22,1,10000256,1.06,5.22,1,10000193,1.01,5.22,1
ant24a7420783b7335ae97477482f00c,10000251,2.79,5.22,1,10000303,1.43,5.22,1,10000256,1.42,5.22,1
ant24ab3dcb49a783c94ae3672d91405,10000149,4.15,5.41,1,10000084,2.97,5.95,1,10000083,2.52,5.22,1
ant24addc6b1c6ea381dba7f8313a700,10000038,3.21,5.22,1,10000251,1.24,5.22,1,10000256,1.06,5.22,1
ant24b9e01e4817a36bfa49196bb6204,10000251,1.24,5.22,1,10000256,1.06,5.22,1,10000193,1.01,5.22,1
ant24d1b4802d87738d9955ec1b67e01,10000099,5.97,5.22,1,10000083,4.7,5.22,1,10000038,4.67,5.22,1
ant24d570b2aa17b3f0d97b6246eca08,10000251,1.24,5.22,1,10000256,1.06,5.22,1,10000193,1.01,5.22,1
ant24d8aed94b7df33f1aa1ef2ee7b07,10000251,1.24,5.22,1,10000256,1.06,5.22,1,10000193,1.01,5.22,1
ant24e0f42237b9f3507acbc09a76108,10000251,1.24,5.22,1,10000256,1.06,5.22,1,10000193,1.01,5.22,1
ant24e569f98ecad338081d053531908,10000038,3.21,5.22,1,10000050,3.11,5.22,1,10000251,1.24,5.22,1
ant24f85b97a82d83fcaa9403a823905,10000303,1.55,5.22,1,10000251,1.24,5.22,1,10000256,1.06,5.22,1
ant2502f5e029e74379b891d6091d907,10000251,1.24,5.22,1,10000256,1.06,5.22,1,10000193,1.01,5.22,1
ant2505f8d4851e634e7865497cf3a00,10000149,5.31,5.41,1,10000038,3.21,5.22,1,10000129,2.9,5.22,1
ant250fe091966ef3477ac2c560e6805,10000251,1.24,5.22,1,10000256,1.06,5.22,1,10000193,1.01,5.22,1
ant2512e2d8c63963ebebd8a474e3301,10000084,7.8,5.95,1,10000083,3.68,5.22,1,10000251,1.24,5.22,1
ant2515ecaddb9023a2ebce893ee300a,10000149,5.31,5.41,1,10000251,1.24,5.22,1,10000256,1.06,5.22,1
ant2515f358925a03b7da21b3ef4800c,10000050,1.76,5.22,1,10000238,0.55,5.22,1,10000193,0.52,5.22,1
ant251d6ee0423193e7d9ef29197bc06,10000251,1.24,5.22,1,10000256,1.06,5.22,1,10000193,1.01,5.22,1
ant251df9db3127c36ab9980495a3704,10000083,4.01,5.22,1,10000038,2.14,5.22,1,10000217,1.22,5.22,1
ant2523546dbcfec3d46b46f4a03ab06,10000084,7.8,5.95,1,10000149,5.31,5.41,1,10000129,2.9,5.22,1
ant2528c108d9018363990c9671e0906,10000084,7.8,5.95,1,10000149,5.31,5.41,1,10000050,3.11,5.22,1
ant253c264af67c13add83488d96160a,10000251,1.24,5.22,1,10000256,1.06,5.22,1,10000193,1.01,5.22,1
ant254854977eb3c3f07a7eb335a1008,10000251,1.24,5.22,1,10000256,1.06,5.22,1,10000193,1.01,5.22,1
ant2555446fba3af37b583b1621caa02,10000251,1.24,5.22,1,10000256,1.06,5.22,1,10000193,1.01,5.22,1
ant25587074e417a35d0b54d340ec306,10000251,1.24,5.22,1,10000256,1.06,5.22,1,10000193,1.01,5.22,1
ant255b0bf746947396abdf57ae04402,10000303,1.55,5.22,1,10000251,1.24,5.22,1,10000256,1.06,5.22,1
ant2562c626ce051345581156a7fe602,10000251,1.24,5.22,1,10000256,1.06,5.22,1,10000193,1.01,5.22,1
ant25657f7b2c3c03cc283c476b57c0a,10000251,1.24,5.22,1,10000256,1.06,5.22,1,10000193,1.01,5.22,1
ant256729005350e3c7b917ec3f7e702,10000251,1.24,5.22,1,10000256,1.06,5.22,1,10000193,1.01,5.22,1
ant256ea436c4ef135cfa4d14522cf05,10000251,1.24,5.22,1,10000238,1.16,5.22,1,10000256,1.06,5.22,1
ant2572530527500318dbc866fdb5704,10000251,1.24,5.22,1,10000256,1.06,5.22,1,10000193,1.01,5.22,1
ant25727964444543aeb9cf38a6b4e0b,10000251,1.24,5.22,1,10000256,1.06,5.22,1,10000193,1.01,5.22,1
ant257fb90f0218a38798de23c69760b,10000303,1.55,5.22,1,10000251,1.24,5.22,1,10000256,1.06,5.22,1
ant258484d72b13730e5b8573d1d5306,10000251,1.24,5.22,1,10000238,1.16,5.22,1,10000256,1.06,5.22,1
ant258cfbd6cf2713d1db34b116b3005,10000303,1.55,5.22,1,10000251,1.24,5.22,1,10000256,1.06,5.22,1
ant259043c059fd83119a7cba060df09,10000149,5.31,5.41,1,10000083,3.68,5.22,1,10000038,3.21,5.22,1
ant2596b11ab906e3862b8c5b8315a06,10000251,1.24,5.22,1,10000256,1.06,5.22,1,10000193,1.01,5.22,1
ant2597b173fd35b3accb31a66446102,10000149,4.32,5.41,1,10000084,3.87,5.95,1,10000083,3.39,5.22,1
ant259d1d9f9ed2138c5b48c71abac05,10000149,5.0,5.41,1,10000084,1.54,5.95,1,10000129,1.4,5.22,1
ant259d7a3b695b633d7a452fdd4f109,10000251,1.24,5.22,1,10000238,1.16,5.22,1,10000256,1.06,5.22,1
ant25a39411cee2a3de2b610df83a404,10000303,1.55,5.22,1,10000251,1.24,5.22,1,10000256,1.06,5.22,1
ant25a5c9867f0d434658fc442f07f0c,10000303,1.55,5.22,1,10000251,1.24,5.22,1,10000256,1.06,5.22,1
ant25a642aaeacd2327d95408fa50100,10000303,1.55,5.22,1,10000251,1.24,5.22,1,10000256,1.06,5.22,1
ant25a8566e020a93e1a9c8b38aee700,10000050,2.23,5.22,1,10000217,0.76,5.22,1,10000182,0.75,5.22,1
ant25a992ee8dc3f330f91149f708108,10000303,1.55,5.22,1,10000251,1.24,5.22,1,10000256,1.06,5.22,1
ant25b0973d5d4f639fe95d4217f9c0c,10000251,1.24,5.22,1,10000256,1.06,5.22,1,10000193,1.01,5.22,1
ant25bb6974e7f7636a5abc4dd83350c,10000050,1.92,5.22,1,10000193,0.71,5.22,1,10000238,0.63,5.22,1
ant25bd3fa2e5f89399a8840f7a98a02,10000251,1.24,5.22,1,10000238,1.16,5.22,1,10000256,1.06,5.22,1
ant25d47e90cdc9d315d844c56fd410b,10000251,1.24,5.22,1,10000256,1.06,5.22,1,10000193,1.01,5.22,1
ant25ee76b59cb013554bba4c1171707,10000149,5.78,5.41,1,10000038,3.35,5.22,1,10000083,3.33,5.22,1
ant25efa8b0733c23d8aa22600272f09,10000251,1.24,5.22,1,10000256,1.06,5.22,1,10000193,1.01,5.22,1
ant25f469d6341cd324bb88ebfc1cd05,10000251,1.24,5.22,1,10000256,1.06,5.22,1,10000193,1.01,5.22,1
ant25fb80ff94111365d95f855972e09,10000149,3.57,5.41,1,10000084,3.24,5.95,1,10000129,2.53,5.22,1
ant25feb8e11c18e36fbab65a834e605,10000303,1.55,5.22,1,10000251,1.24,5.22,1,10000256,1.06,5.22,1
ant26018df10b72b3f268d0910403d06,10000303,1.55,5.22,1,10000251,1.24,5.22,1,10000256,1.06,5.22,1
ant260adebf6ba0037bf8016565a200a,10000303,1.55,5.22,1,10000251,1.24,5.22,1,10000256,1.06,5.22,1
ant2620126e432e43d58b19a73621301,10000251,1.24,5.22,1,10000256,1.06,5.22,1,10000193,1.01,5.22,1
ant262655c1df95e3a5cb77754b40203,10000149,4.43,5.41,1,10000084,2.5,5.95,1,10000083,2.22,5.22,1
ant263ce752efe09353fb727a496080a,10000251,1.24,5.22,1,10000238,1.16,5.22,1,10000256,1.06,5.22,1
ant263db15eac1033d1ba30b017dda0c,10000303,1.55,5.22,1,10000251,1.24,5.22,1,10000256,1.06,5.22,1
ant265ad3b55f58537348dfa9ff3b304,10000149,5.55,5.41,1,10000083,3.63,5.22,1,10000129,3.44,5.22,1
ant266b96ca82c953d1bb863710c9e06,10000149,5.31,5.41,1,10000129,2.9,5.22,1,10000251,1.24,5.22,1
ant266ec1e8c3c0337a9b42860a88603,10000129,3.22,5.22,1,10000084,3.06,5.95,1,10000099,2.9,5.22,1
ant2671f21ee91c93f5c9f6fc076aa06,10000038,3.21,5.22,1,10000129,2.9,5.22,1,10000251,1.24,5.22,1
ant267384161ed463bbc87afa765a902,10000251,1.24,5.22,1,10000256,1.06,5.22,1,10000193,1.01,5.22,1
ant2676becfd9f6d300a8f5485f9280a,10000303,1.55,5.22,1,10000251,1.24,5.22,1,10000256,1.06,5.22,1
ant267d157bc42ba36b9baba294d2303,10000251,1.24,5.22,1,10000238,1.16,5.22,1,10000256,1.06,5.22,1
ant2682a47059dec3f6cbe8ad7e98e07,10000050,3.11,5.22,1,10000251,1.24,5.22,1,10000256,1.06,5.22,1
ant2682e62f57a203bfa9a765468b008,10000251,1.24,5.22,1,10000256,1.06,5.22,1,10000193,1.01,5.22,1
ant2685c0a9bad71317f262417e6b505,1382490022,15.53,5.83,1,10000251,1.24,5.22,1,10000256,1.06,5.22,1
ant26870b16690a537e9a3893d5e2302,10000038,5.26,5.22,1,10000099,4.35,5.22,1,10000050,4.28,5.22,1
ant268af647eea0138279b6b71643605,10000251,1.24,5.22,1,10000256,1.06,5.22,1,10000193,1.01,5.22,1
ant269892b6625e936dd81b4fa526809,10000251,1.24,5.22,1,10000256,1.06,5.22,1,10000193,1.01,5.22,1
ant26993bab195753b1bb677f856a707,10000251,1.24,5.22,1,10000256,1.06,5.22,1,10000193,1.01,5.22,1
ant269a69c2b1d613a3b9de60b7e2d00,10000149,5.34,5.41,1,10000099,4.16,5.22,1,10000083,3.77,5.22,1
ant269e4f8cf2e373e9783f1df90d90c,10000303,1.55,5.22,1,10000251,1.24,5.22,1,10000256,1.06,5.22,1
ant269efdf00ee503c02ba327274db07,10000038,3.21,5.22,1,10000251,1.24,5.22,1,10000256,1.06,5.22,1
ant26ab996aca0803294b55f3f62cc02,10000303,1.55,5.22,1,10000251,1.24,5.22,1,10000256,1.06,5.22,1
ant26afcaca2c09a3770a3f9d5c67005,10000251,1.24,5.22,1,10000256,1.06,5.22,1,10000193,1.01,5.22,1
ant26b531272168537f1ac2842a42b0c,10000251,1.24,5.22,1,10000256,1.06,5.22,1,10000193,1.01,5.22,1
ant26b869957f8b436eabf003281b106,10000050,3.11,5.22,1,10000251,1.24,5.22,1,10000256,1.06,5.22,1
ant26c1d824992fe38ef911d6c120d0b,10000251,1.24,5.22,1,10000256,1.06,5.22,1,10000193,1.01,5.22,1
ant26c66ff46b77d311d9b5dd14b270a,10000251,1.24,5.22,1,10000256,1.06,5.22,1,10000193,1.01,5.22,1
ant26c731656224c3a9a965cb9f75b04,10000251,1.24,5.22,1,10000256,1.06,5.22,1,10000193,1.01,5.22,1
ant26d03a137b3d83edf80d3fd65fe07,10000303,1.55,5.22,1,10000251,1.24,5.22,1,10000256,1.06,5.22,1
ant26d88fd4313843cdc9d254b8b2d02,10000251,1.24,5.22,1,10000256,1.06,5.22,1,10000193,1.01,5.22,1
ant26f32a0e2246334a99cfa7c1bf006,10000050,3.39,5.22,1,10000251,1.31,5.22,1,10000303,0.88,5.22,1
ant2704599e2a6df31199c27a7e22305,10000251,1.24,5.22,1,10000256,1.06,5.22,1,10000193,1.01,5.22,1
ant2707119c8926e38a987ac2b32b300,10000303,1.55,5.22,1,10000251,1.24,5.22,1,10000256,1.06,5.22,1
ant270893d66a22331f0ab421cc16402,10000251,1.24,5.22,1,10000256,1.06,5.22,1,10000193,1.01,5.22,1
ant271cd2932e8723925af579a00420c,10000251,1.24,5.22,1,10000256,1.06,5.22,1,10000193,1.01,5.22,1
ant271d0dd3e74ad3435ab652d18b30c,10000251,1.4,5.22,1,10000303,1.27,5.22,1,10000256,1.25,5.22,1
ant271dfc21226ba38149a2f60d51c01,10000303,1.55,5.22,1,10000251,1.24,5.22,1,10000256,1.06,5.22,1
ant2720804baefc239a3b0b4b6a86404,10000251,1.24,5.22,1,10000256,1.06,5.22,1,10000193,1.01,5.22,1
ant2722135ab33883d639f42d33d380a,10000038,3.21,5.22,1,10000251,1.24,5.22,1,10000256,1.06,5.22,1
ant2724324bdcfe83d199fd06381e100,10000251,1.24,5.22,1,10000256,1.06,5.22,1,10000193,1.01,5.22,1
ant27369590d4da3357a8712366e2a0a,10000251,1.26,5.22,1,10000097,1.0,5.22,1,10000193,0.5,5.22,1
ant27391182b851e38259bd3a93e7405,10000251,1.24,5.22,1,10000256,1.06,5.22,1,10000193,1.01,5.22,1
ant27463a638ce8f3413994ecef29e08,10000251,1.24,5.22,1,10000256,1.06,5.22,1,10000193,1.01,5.22,1
ant2751b52bb78313355b1007f96c905,10000149,5.31,5.41,1,10000038,3.21,5.22,1,10000251,1.24,5.22,1
ant2765093bed945348c83b94326ac02,10000251,1.24,5.22,1,10000256,1.06,5.22,1,10000193,1.01,5.22,1
ant27683e180caf23b3e8605a2bf2e00,10000251,1.24,5.22,1,10000256,1.06,5.22,1,10000193,1.01,5.22,1
ant2775847a123073f24888636714f03,10000251,1.24,5.22,1,10000256,1.06,5.22,1,10000193,1.01,5.22,1
ant2782f8168283e3fdc9a673dd97b06,10000050,3.11,5.22,1,10000251,1.24,5.22,1,10000256,1.06,5.22,1
ant2790685b581103343bd80245ef208,10000038,3.21,5.22,1,10000129,2.9,5.22,1,10000251,1.24,5.22,1
ant2790d60207cb8395fa53b60296802,10000251,1.24,5.22,1,10000256,1.06,5.22,1,10000193,1.01,5.22,1
ant27a6a1158c6093e1c9579b2a3fd01,10000149,5.31,5.41,1,10000129,2.9,5.22,1,10000251,1.24,5.22,1
ant27a76702e5f1d352aaea565567a0b,10000251,1.24,5.22,1,10000238,1.16,5.22,1,10000256,1.06,5.22,1
ant27b292c53a1cf3de29f19789e4e06,10000251,1.24,5.22,1,10000256,1.06,5.22,1,10000193,1.01,5.22,1
ant27b323231e290376fa019d60bb202,10000251,1.24,5.22,1,10000256,1.06,5.22,1,10000193,1.01,5.22,1
ant27b36ec83429d391faad29b1b6a02,10000303,1.55,5.22,1,10000251,1.24,5.22,1,10000256,1.06,5.22,1
ant27b41a31ac87838a5a61e6b56cc09,10000084,7.8,5.95,1,10000251,1.24,5.22,1,10000256,1.06,5.22,1
ant27c3bcc13eb1a321b88596937f505,10000251,1.24,5.22,1,10000256,1.06,5.22,1,10000193,1.01,5.22,1
ant27c41455201753b5cbe9ef164a00c,10000149,5.43,5.41,1,10000050,2.81,5.22,1,10000084,1.91,5.95,1
ant27c87c29e666438f48201530cf407,10000251,1.24,5.22,1,10000256,1.06,5.22,1,10000193,1.01,5.22,1
ant27d43b23837fb327f88c0e5494802,10000251,1.24,5.22,1,10000256,1.06,5.22,1,10000193,1.01,5.22,1
ant27d70c44e2c103cb38164b7d6a506,10000303,1.55,5.22,1,10000251,1.24,5.22,1,10000256,1.06,5.22,1
ant27e2e9d33775a321db3341442050a,10000303,1.55,5.22,1,10000251,1.24,5.22,1,10000256,1.06,5.22,1
ant27e7065431e0138f69ad42b02920a,10000251,1.24,5.22,1,10000256,1.06,5.22,1,10000193,1.01,5.22,1
ant27eaf54375596385caa4553d77303,10000149,4.42,5.41,1,10000050,3.07,5.22,1,10000084,2.2,5.95,1
ant27eb11915925e3faa8e44c76b190a,10000251,1.24,5.22,1,10000256,1.06,5.22,1,10000193,1.01,5.22,1
ant27ebd969e405e3101a5a1e967ab09,10000099,3.36,5.22,1,10000038,3.21,5.22,1,10000251,1.24,5.22,1
ant27f2bf520afa830788f69f7364003,10000251,1.24,5.22,1,10000256,1.06,5.22,1,10000193,1.01,5.22,1
ant27f52e31af731336f91c4f91b4b09,10000149,7.59,5.41,1,10000099,5.07,5.22,1,10000084,4.09,5.95,1
ant27f65ed59e65f3f34bc848ce61b09,10000050,3.11,5.22,1,10000251,1.24,5.22,1,10000256,1.06,5.22,1
ant2805c99995c4e3a11b5abebd1780b,10000303,1.55,5.22,1,10000251,1.24,5.22,1,10000256,1.06,5.22,1
ant2806b2766c4d038b788440eb20c09,10000149,4.79,5.41,1,10000099,3.65,5.22,1,10000083,3.56,5.22,1
ant28175aff064e83f8ba9d454075700,10000251,1.24,5.22,1,10000256,1.06,5.22,1,10000193,1.01,5.22,1
ant28371fa02fb743f0ab699de3a2f08,10000303,1.55,5.22,1,10000251,1.24,5.22,1,10000256,1.06,5.22,1
ant283b11ef4f2f03432a2db33ba4b02,10000149,5.31,5.41,1,10000129,2.9,5.22,1,10000251,1.24,5.22,1
ant283de1f2f358b3720927d65e71109,10000251,1.24,5.22,1,10000256,1.06,5.22,1,10000193,1.01,5.22,1
ant285fdf7b7f69c3575a709ce7e5506,10000251,0.6,5.22,1,10000256,0.57,5.22,1,10000303,0.55,5.22,1
ant28689ee8fcac23046b6b714dea705,10000251,1.24,5.22,1,10000256,1.06,5.22,1,10000193,1.01,5.22,1
ant286b278fc38c93c1a8035a2f7a901,10000251,1.24,5.22,1,10000256,1.06,5.22,1,10000193,1.01,5.22,1
ant287622a10c7763f81acc160fe270c,10000149,5.4,5.41,1,10000099,4.21,5.22,1,10000083,3.98,5.22,1
ant287bf7b6be01d31a7b4e42a1ebc07,10000251,0.7,5.22,1,10000303,0.64,5.22,1,10000256,0.63,5.22,1
ant2886424b4bccc361faa331fd5ab00,10000038,3.21,5.22,1,10000251,1.24,5.22,1,10000256,1.06,5.22,1
ant288a7b6c4fe97228cbe488107a509,10000019,19.11,13.1,1,10000006,11.78,6.23,1,10000251,1.24,5.22,1
ant2894edbf8a05138d58dd8cb701700,10000251,1.24,5.22,1,10000256,1.06,5.22,1,10000193,1.01,5.22,1
ant2898975c01bfa3f51913d3288e704,10000251,1.24,5.22,1,10000256,1.06,5.22,1,10000193,1.01,5.22,1
ant289e697a353853205bb26eb533f0a,10000251,1.24,5.22,1,10000256,1.06,5.22,1,10000193,1.01,5.22,1
ant28a5396e5af2d361caf6bd3c4d20b,10000251,1.24,5.22,1,10000256,1.06,5.22,1,10000193,1.01,5.22,1
ant28ac83a1f653a38b6a100d3c21104,10000149,5.89,5.41,1,10000084,3.76,5.95,1,10000083,2.82,5.22,1
ant28ad65c39c94537a38bba07e70d0b,10000251,1.24,5.22,1,10000256,1.06,5.22,1,10000193,1.01,5.22,1
ant28bd5a1a703b53d789b67d10d320a,10000050,3.11,5.22,1,10000251,1.24,5.22,1,10000256,1.06,5.22,1
ant28beb88447e1131b0aa29693f6608,10000251,1.46,5.22,1,10000303,1.24,5.22,1,10000256,0.78,5.22,1
ant28cc4b1485cee3234b0dedc99f109,10000303,1.55,5.22,1,10000251,1.24,5.22,1,10000256,1.06,5.22,1
ant28cdc78ce9c4435a2b962de6a3909,10000251,1.24,5.22,1,10000256,1.06,5.22,1,10000193,1.01,5.22,1
ant28ce3697d86b33f48b81fed5df903,10000251,1.24,5.22,1,10000238,1.16,5.22,1,10000256,1.06,5.22,1
ant28ced216c51cf309397d85c75b803,10000251,1.24,5.22,1,10000256,1.06,5.22,1,10000193,1.01,5.22,1
ant28d25a1d74af635bca5bd5dea500c,10000050,2.98,5.22,1,10000251,0.81,5.22,1,10000303,0.78,5.22,1
ant28dc2c151f4d43d94b07995c3a603,10000251,1.24,5.22,1,10000256,1.06,5.22,1,10000193,1.01,5.22,1
ant28e03297a96e23c4d801e4eb9b30c,10000193,0.97,5.22,1,10000182,0.77,5.22,1,10000288,0.76,5.22,1
ant28e5853185ca2336d89eb6176d408,10000050,2.28,5.22,1,10000251,1.4,5.22,1,10000303,1.24,5.22,1
ant28f77cc4a93d33581ae40ba861c0c,10000038,2.22,5.22,1,10000251,0.48,5.22,1,10000097,0.72,5.22,1
ant28f9975950c6c3ed7a4728f3dac08,10000038,5.36,5.22,1,10000149,4.91,5.41,1,10000083,3.75,5.22,1
ant28fdd5de2839d344f8fa17cad040a,10000251,1.24,5.22,1,10000256,1.06,5.22,1,10000193,1.01,5.22,1
ant2907aafe395b73a8783ec13fb3909,10000251,1.24,5.22,1,10000256,1.06,5.22,1,10000193,1.01,5.22,1
ant2908cf20474bb33d38dcd0ac3cd06,10000251,1.24,5.22,1,10000256,1.06,5.22,1,10000193,1.01,5.22,1
ant2911dc789cb5a33bc830909be2c0a,10000303,1.55,5.22,1,10000251,1.24,5.22,1,10000256,1.06,5.22,1
ant2916919b05c843607b7e52ad28704,10000303,1.55,5.22,1,10000251,1.24,5.22,1,10000256,1.06,5.22,1
ant291ec50d0a0f33ee4b5d749288d07,10000251,1.24,5.22,1,10000256,1.06,5.22,1,10000193,1.01,5.22,1
ant2925d63e3979d3d6b9cdd9391d704,10000251,1.24,5.22,1,10000256,1.06,5.22,1,10000193,1.01,5.22,1
ant292a5bac72c9e341383698434ac0c,10000149,5.31,5.41,1,10000083,3.68,5.22,1,10000251,1.24,5.22,1
ant293cc609ea8dd3eca92bf9ac39909,10000083,5.98,5.22,1,10000129,5.69,5.22,1,10000149,5.5,5.41,1
ant294087bb22ad63caea139d7c8c004,10000251,1.24,5.22,1,10000256,1.06,5.22,1,10000193,1.01,5.22,1
ant294185c55421e32fe8ff6032a2409,10000251,1.24,5.22,1,10000256,1.06,5.22,1,10000193,1.01,5.22,1
ant29424387b3ce7376a9ae90fd8a100,10000251,1.24,5.22,1,10000256,1.06,5.22,1,10000193,1.01,5.22,1
ant2942ebe6eb67237a5bdcbb8764203,10000251,1.24,5.22,1,10000256,1.06,5.22,1,10000193,1.01,5.22,1
ant2943d027b180d32b4b63f89719e09,10000251,1.24,5.22,1,10000256,1.06,5.22,1,10000193,1.01,5.22,1
ant294a15858ffa93a4183b4f1d0f206,10000303,1.55,5.22,1,10000251,1.24,5.22,1,10000256,1.06,5.22,1
ant2953d2692eb2b328cbc725751ab02,10000251,1.24,5.22,1,10000256,1.06,5.22,1,10000193,1.01,5.22,1
ant2957a8dd04311391d9479f275ba07,10000251,1.24,5.22,1,10000256,1.06,5.22,1,10000193,1.01,5.22,1
ant295a579d40e7036dea55f096b010a,10000050,4.05,5.22,1,10000251,2.01,5.22,1,10000303,1.27,5.22,1
ant296de7afb8b17353989a1ac9b9001,10000149,4.47,5.41,1,10000038,4.42,5.22,1,10000050,3.74,5.22,1
ant296fa935feca335309fec06a93001,10000251,1.24,5.22,1,10000256,1.06,5.22,1,10000193,1.01,5.22,1
ant29711a97444c53f1091c7a9963300,10000050,3.11,5.22,1,10000251,1.24,5.22,1,10000256,1.06,5.22,1
ant2977d45a5a27136ecaeb9b8a38f00,10000251,1.24,5.22,1,10000256,1.06,5.22,1,10000193,1.01,5.22,1
ant2981e515db923cc97290602ed1000,10000096,655.32,162.26,1,10000069,523.66,170.03,1,10000079,455.01,31.15,1
ant298caeb6eb8a43ac0b719d5c69002,10000038,2.48,5.22,1,10000149,1.9,5.41,1,10000129,1.82,5.22,1
ant2997232ae36643110899dd0d8f109,10000303,1.55,5.22,1,10000251,1.24,5.22,1,10000256,1.06,5.22,1
ant29a338476ce8e33dab99b3cd29503,10000303,1.55,5.22,1,10000251,1.24,5.22,1,10000256,1.06,5.22,1
ant29a39da0f94fd3ac88bffe3b91006,10000251,1.24,5.22,1,10000256,1.06,5.22,1,10000193,1.01,5.22,1
ant29a55327c5ec437bab9b0cb9b2209,10000038,3.21,5.22,1,10000251,1.24,5.22,1,10000256,1.06,5.22,1
ant29a67730994603a5ab95c519f3d0a,10000303,1.55,5.22,1,10000251,1.24,5.22,1,10000256,1.06,5.22,1
ant29a87aaf5f1433acd8bd7b979f008,10000251,1.24,5.22,1,10000256,1.06,5.22,1,10000193,1.01,5.22,1
ant29a8be9b330923fc5aa319f1f300a,10000251,1.24,5.22,1,10000256,1.06,5.22,1,10000193,1.01,5.22,1
ant29b3a1fd951f73fb4bdf002cd4e03,10000149,3.92,5.41,1,10000099,2.6,5.22,1,10000050,2.21,5.22,1
ant29b6efb645bcd3751b1e3ccb07105,10000251,1.24,5.22,1,10000256,1.06,5.22,1,10000193,1.01,5.22,1
ant29b75fbea72a1377dbc81b14b7d02,10000251,1.24,5.22,1,10000256,1.06,5.22,1,10000193,1.01,5.22,1
ant29b8326236bb235ddaa1b86927309,10000251,1.24,5.22,1,10000256,1.06,5.22,1,10000193,1.01,5.22,1
ant29d47e8871efb3fce80d822ae5f04,10000251,1.24,5.22,1,10000256,1.06,5.22,1,10000193,1.01,5.22,1
ant29d81ab0366133f14918359afbb08,10000251,1.24,5.22,1,10000256,1.06,5.22,1,10000193,1.01,5.22,1
ant29d9bc3cdb87839c583dd5cb77d0a,10000217,0.54,5.22,1,10000238,0.53,5.22,1,10000182,0.41,5.22,1
ant29dd2050896bd3cdbbdf1dd04f209,10000303,1.55,5.22,1,10000251,1.24,5.22,1,10000256,1.06,5.22,1
ant29e0063c9e8773433a8e39366e30c,10000251,1.24,5.22,1,10000256,1.06,5.22,1,10000193,1.01,5.22,1
ant29e6bffc3fef330009c1af16bf105,10000251,1.24,5.22,1,10000256,1.06,5.22,1,10000193,1.01,5.22,1
ant29e82a938744635cca7a26b527c06,10000251,1.24,5.22,1,10000256,1.06,5.22,1,10000193,1.01,5.22,1
ant29f1b7fad0bb9302e9eb8a3989d04,10000251,1.24,5.22,1,10000256,1.06,5.22,1,10000193,1.01,5.22,1
ant29fe287d54ae73c7bb3b688e9e408,10000251,1.24,5.22,1,10000256,1.06,5.22,1,10000193,1.01,5.22,1
ant29fef0c94b5e63c7684277c4a4d01,10000251,1.24,5.22,1,10000256,1.06,5.22,1,10000193,1.01,5.22,1
ant2a03c57d250fd39a98f642ed5e901,10000251,1.24,5.22,1,10000256,1.06,5.22,1,10000193,1.01,5.22,1
ant2a0fa1b3af7d03e45986dbc369b04,10000149,5.31,5.41,1,10000251,1.24,5.22,1,10000256,1.06,5.22,1
ant2a0fcb58784e530d0aeef6512d409,10000251,1.24,5.22,1,10000256,1.06,5.22,1,10000193,1.01,5.22,1
ant2a13674cb46ca3186a525307d3f05,10000251,1.24,5.22,1,10000256,1.06,5.22,1,10000193,1.01,5.22,1
ant2a13ef7a74e203026975302314600,10000251,1.24,5.22,1,10000256,1.06,5.22,1,10000193,1.01,5.22,1
ant2a19e9632e46c392ea6785313690a,10000251,1.24,5.22,1,10000256,1.06,5.22,1,10000193,1.01,5.22,1
ant2a29dd67ce00739799bc514253601,10000251,1.24,5.22,1,10000256,1.06,5.22,1,10000193,1.01,5.22,1
ant2a305a75720833e75a11a0273780c,10000303,1.55,5.22,1,10000251,1.24,5.22,1,10000256,1.06,5.22,1
ant2a32dfd3553f53bdda4b9e3981301,10000251,1.24,5.22,1,10000256,1.06,5.22,1,10000193,1.01,5.22,1
ant2a3b2240fffc43f449c6c6821ff0a,10000149,4.59,5.41,1,10000084,1.21,5.95,1,10000129,0.97,5.22,1
ant2a3f0b7436302331e928c322cba06,10000129,2.9,5.22,1,10000251,1.24,5.22,1,10000256,1.06,5.22,1
ant2a577b75331f93131be348262d10a,10000050,2.3,5.22,1,10000251,1.5,5.22,1,10000217,0.77,5.22,1
ant2a57947dc92e8323bb3ab305c1b06,10000251,1.24,5.22,1,10000238,1.16,5.22,1,10000256,1.06,5.22,1
ant2a59b7f2120bf310c8987c647f00b,10000050,3.11,5.22,1,10000251,1.24,5.22,1,10000256,1.06,5.22,1
ant2a622df1b2a6831f4859fb86a8b04,10000251,1.24,5.22,1,10000256,1.06,5.22,1,10000193,1.01,5.22,1
ant2a6738f4264c63bba840f970f2606,10000251,1.24,5.22,1,10000256,1.06,5.22,1,10000193,1.01,5.22,1
ant2a696c8b3033b56dd05c3d8d91a08,1380389889,23.66,5.83,1,10000006,11.78,6.23,1,10000251,1.24,5.22,1
ant2a6a8a4c084b939b4b5ed3679c50b,10000251,1.24,5.22,1,10000256,1.06,5.22,1,10000193,1.01,5.22,1
ant2a6b8aa24515f3094a52221b25e03,10000149,5.31,5.41,1,10000038,3.21,5.22,1,10000251,1.24,5.22,1
ant2a6ccde64bf2d33258313cab27701,10000251,1.24,5.22,1,10000256,1.06,5.22,1,10000193,1.01,5.22,1
ant2a7dc9090a989328a912ad0ed3105,10000050,3.11,5.22,1,10000303,1.55,5.22,1,10000251,1.24,5.22,1
ant2a850a6a737373065a2bf2fb6ab01,10000050,3.98,5.22,1,10000303,0.92,5.22,1,10000256,0.7,5.22,1
ant2a855e5b5367c3c38a0ecc0662a0a,10000251,1.24,5.22,1,10000256,1.06,5.22,1,10000193,1.01,5.22,1
ant2a85b57fb303d3187adf44a73ab05,10000084,2.5,5.95,1,10000149,2.43,5.41,1,10000083,2.21,5.22,1
ant2a8815eba36b830bc824aae2d3e0c,10000251,1.24,5.22,1,10000256,1.06,5.22,1,10000193,1.01,5.22,1
ant2a91dc318f4183b9f9938ab646c03,10000149,2.97,5.41,1,10000084,2.35,5.95,1,10000038,1.66,5.22,1
ant2a940676bad7f3ed9b07b7f06b909,10000251,1.24,5.22,1,10000256,1.06,5.22,1,10000193,1.01,5.22,1
ant2a97212d2f6343924b21461f04504,10000251,1.24,5.22,1,10000256,1.06,5.22,1,10000193,1.01,5.22,1
ant2a9b106d0d9d9389a8052f6269404,10000038,3.21,5.22,1,10000129,2.9,5.22,1,10000251,1.24,5.22,1
ant2aa7222bb44b43a4a9a7c9d8fd403,10000050,3.88,5.22,1,10000303,1.16,5.22,1,10000097,1.35,5.22,1
ant2aae4555772c139e0aa54031a2d02,10000303,1.55,5.22,1,10000251,1.24,5.22,1,10000256,1.06,5.22,1
ant2ab3a2677a84d32f4b0b101733b02,10000149,4.15,5.41,1,10000084,2.3,5.95,1,10000099,2.2,5.22,1
ant2acdc57f1a9da38beb7c5ce272203,10000149,5.31,5.41,1,10000251,1.24,5.22,1,10000256,1.06,5.22,1
ant2ace2ebc8481f39ed89d056017108,10000251,1.24,5.22,1,10000256,1.06,5.22,1,10000193,1.01,5.22,1
ant2acedb4bf847830d1914b16016301,10000149,6.65,5.41,1,10000099,5.18,5.22,1,10000084,4.31,5.95,1
ant2adc27575c1fb3c469476ba5aae00,10000251,1.24,5.22,1,10000256,1.06,5.22,1,10000193,1.01,5.22,1
ant2ae9fe0ffdef93de5a19baeaee20c,10000303,1.55,5.22,1,10000251,1.24,5.22,1,10000256,1.06,5.22,1
ant2aed61dbb18fc3aa584dfe342fe09,10000251,1.24,5.22,1,10000256,1.06,5.22,1,10000193,1.01,5.22,1
ant2af144a379d5d35d9a0db75ddb606,10000251,1.24,5.22,1,10000256,1.06,5.22,1,10000193,1.01,5.22,1
ant2af2d662b264839c5ae6ebf857807,10000251,1.24,5.22,1,10000256,1.06,5.22,1,10000193,1.01,5.22,1
ant2af2fe7cb54c53af6a2d9a3396802,10000050,2.95,5.22,1,10000251,2.06,5.22,1,10000303,1.33,5.22,1
ant2af338639eaba3da5b8366265af08,10000038,3.21,5.22,1,10000251,1.24,5.22,1,10000256,1.06,5.22,1
ant2af5116a458913a8a853925735204,10000251,2.59,5.22,1,10000303,1.03,5.22,1,10000256,0.98,5.22,1
ant2af64086a4795348c8d219b82fb08,10000251,1.24,5.22,1,10000256,1.06,5.22,1,10000193,1.01,5.22,1
ant2af6b8757a9163349b81243539f0b,10000251,1.24,5.22,1,10000256,1.06,5.22,1,10000193,1.01,5.22,1
ant2afb4bf44c6203367b8fec1f07f02,10000099,3.36,5.22,1,10000251,1.24,5.22,1,10000256,1.06,5.22,1
ant2afdbcf1c57313a40ad16e6a89108,10000149,5.31,5.41,1,10000251,1.24,5.22,1,10000256,1.06,5.22,1
ant2aff4a49dc8db3c569580f697a209,10000050,1.69,5.22,1,10000274,0.64,5.41,1,10000193,0.61,5.22,1
ant2b02f357444693664af72e81a3907,10000303,1.55,5.22,1,10000251,1.24,5.22,1,10000256,1.06,5.22,1
ant2b0400488c45a397a9cc5fa954a00,10000251,1.24,5.22,1,10000256,1.06,5.22,1,10000193,1.01,5.22,1
ant2b126675eebf63427a0d3d9c35a00,10000251,1.24,5.22,1,10000256,1.06,5.22,1,10000193,1.01,5.22,1
ant2b132b0c19cd63bd48f6b83f90305,10000251,1.24,5.22,1,10000256,1.06,5.22,1,10000193,1.01,5.22,1
ant2b1a8a5fb3cbe3c199addc1d09702,10000251,1.24,5.22,1,10000256,1.06,5.22,1,10000193,1.01,5.22,1
ant2b1df7c4a74bb334aa066ab858703,10000303,1.55,5.22,1,10000251,1.24,5.22,1,10000256,1.06,5.22,1
ant2b279853b477e360eb96bfb013101,10000050,2.77,5.22,1,10000251,2.03,5.22,1,10000303,1.15,5.22,1
ant2b364d00343a233bf9468cc5aa207,10000251,1.24,5.22,1,10000256,1.06,5.22,1,10000193,1.01,5.22,1
ant2b4317779aa513eb7a28a8cd02f0b,10000303,1.55,5.22,1,10000251,1.24,5.22,1,10000256,1.06,5.22,1
ant2b4329df63dbc38b4a38cc9fe0400,10000251,1.24,5.22,1,10000256,1.06,5.22,1,10000193,1.01,5.22,1
ant2b4782be9c7103cd1b11aa2ad0c04,10000149,4.7,6.54,1,10000084,3.83,7.08,1,10000129,3.11,6.35,1
ant2b4cbea29399637c892f8ccf60f09,10000251,1.24,5.22,1,10000256,1.06,5.22,1,10000193,1.01,5.22,1
ant2b4f0ad1b98cf3647872378c9d600,10000251,1.24,5.22,1,10000238,1.16,5.22,1,10000256,1.06,5.22,1
ant2b516331dd42b3cd5aaac75f98500,10000251,1.24,5.22,1,10000256,1.06,5.22,1,10000193,1.01,5.22,1
ant2b55e3b747db13fadb0f184cf1b05,10000084,7.8,5.95,1,10000251,1.24,5.22,1,10000256,1.06,5.22,1
ant2b5696009e1c539e280f0d979ba08,10000251,1.24,5.22,1,10000256,1.06,5.22,1,10000193,1.01,5.22,1
ant2b581aa3c9ca93a35adf768c97104,10000149,5.69,5.41,1,10000084,4.59,5.95,1,10000129,3.79,5.22,1
ant2b704cd5da3ed36cf8968f3961d07,10000251,1.24,5.22,1,10000256,1.06,5.22,1,10000193,1.01,5.22,1
ant2b715665138f13de69d3dead89503,10000050,1.35,5.22,1,10000256,1.03,5.22,1,10000182,0.84,5.22,1
ant2b71d005b47523d869abd16eda405,10000149,5.04,5.41,1,10000050,3.75,5.22,1,10000193,0.76,5.22,1
ant2b72d055f528a30cf93aebea3f103,10000251,1.24,5.22,1,10000256,1.06,5.22,1,10000193,1.01,5.22,1
ant2b75395ff1a4c3153b43b7c210005,10000038,3.21,5.22,1,10000251,1.24,5.22,1,10000256,1.06,5.22,1
ant2b7c668aafd2637288c6b1a9f5c06,10000251,1.24,5.22,1,10000256,1.06,5.22,1,10000193,1.01,5.22,1
ant2b8ab725305b93c40827e4199300b,10000149,3.24,5.41,1,10000084,2.51,5.95,1,10000038,2.43,5.22,1
ant2b94555baa3c5384ab259deccab00,10000149,3.41,5.41,1,10000084,2.86,5.95,1,10000129,2.22,5.22,1
ant2baaa22599e33392fbf531ddc0e07,10000303,1.55,5.22,1,10000251,1.24,5.22,1,10000256,1.06,5.22,1
ant2baac11b0057a3d4d98e3e691ff04,10000251,1.24,5.22,1,10000256,1.06,5.22,1,10000193,1.01,5.22,1
ant2bad46a82ed4b3e9db5f759966b02,10000251,1.24,5.22,1,10000256,1.06,5.22,1,10000193,1.01,5.22,1
ant2baf1898b78813201a89eecdef701,10000251,1.24,5.22,1,10000238,1.16,5.22,1,10000256,1.06,5.22,1
ant2bb8131dc78d335c491cbadeca60c,10000149,4.43,5.41,1,10000084,3.31,7.43,1,10000251,1.9,5.22,1
ant2bb9561ffd04e3c7cbf5c3d7ad809,10000251,1.24,5.22,1,10000256,1.06,5.22,1,10000193,1.01,5.22,1
ant2bbcc8e79c73d3f9a9c27b18f2407,10000149,4.78,5.41,1,10000084,2.26,5.95,1,10000099,2.23,5.22,1
ant2bc6273f740a7329da96dc8b23b07,10000238,0.57,5.22,1,10000193,0.56,5.22,1,10000273,0.5,5.22,1
ant2bcba157b197638ceae6956ec5303,10000251,1.24,5.22,1,10000256,1.06,5.22,1,10000193,1.01,5.22,1
ant2bcc5a2f7364e3f39bbe97a73e809,10000149,5.16,5.41,1,10000084,4.56,5.95,1,10000083,4.0,5.22,1
ant2bce99ecddd783afe887a0c072908,10000251,1.24,5.22,1,10000256,1.06,5.22,1,10000193,1.01,5.22,1
ant2bcf2a3ea1c583d25bcd507b1fb00,10000251,1.24,5.22,1,10000256,1.06,5.22,1,10000193,1.01,5.22,1
ant2bcfd6f2966e53579b7619ccb2906,10000050,5.8,5.22,1,10000251,2.28,5.22,1,10000303,1.92,5.22,1
ant2bd523e1a78e33ce1ab717abb0102,10000251,1.24,5.22,1,10000238,1.16,5.22,1,10000256,1.06,5.22,1
ant2bd5f15080c423773abf7a422a702,10000251,1.24,5.22,1,10000256,1.06,5.22,1,10000193,1.01,5.22,1
ant2bdb7f6e1d2f439ec858c09700d0b,10000251,1.24,5.22,1,10000256,1.06,5.22,1,10000193,1.01,5.22,1
ant2bf5477dfb43b3e439f3a3b7a1005,10000303,1.55,5.22,1,10000251,1.24,5.22,1,10000256,1.06,5.22,1
ant2c0581631354932df8a5a6f07b203,10000251,1.24,5.22,1,10000256,1.06,5.22,1,10000193,1.01,5.22,1
ant2c115fc2f508d3d19a909486e5508,10000251,1.24,5.22,1,10000256,1.06,5.22,1,10000193,1.01,5.22,1
ant2c18f0db374603a14a062b5992d09,10000149,3.31,5.41,1,10000083,2.35,5.22,1,10000129,1.9,5.22,1
ant2c224ef79332a3b838f811c2b5505,10000251,1.24,5.22,1,10000256,1.06,5.22,1,10000193,1.01,5.22,1
ant2c281a4725743319fa39442070b03,10000099,3.36,5.22,1,10000251,1.24,5.22,1,10000256,1.06,5.22,1
ant2c35347ef027938a3a59e6f15880c,10000251,1.24,5.22,1,10000256,1.06,5.22,1,10000193,1.01,5.22,1
ant2c3ab667649eb30bb8535d6adfc0a,10000251,1.24,5.22,1,10000256,1.06,5.22,1,10000193,1.01,5.22,1
ant2c3ec8026bb053927a96737e15906,10000303,1.55,5.22,1,10000251,1.24,5.22,1,10000256,1.06,5.22,1
ant2c458df09c8b03a52a13dfc0eca00,10000149,4.49,5.41,1,10000050,2.51,5.22,1,10000083,2.51,5.22,1
ant2c5f5cfee2e7638a4add03199ff0a,10000251,1.24,5.22,1,10000238,1.16,5.22,1,10000256,1.06,5.22,1
ant2c6b74488e8e03d638236beaa760b,10000251,1.24,5.22,1,10000256,1.06,5.22,1,10000193,1.01,5.22,1
ant2c7f3c0e25bbc3c4a9edfc0cda006,10000251,1.24,5.22,1,10000256,1.06,5.22,1,10000193,1.01,5.22,1
ant2c942c5b0574e3ba1988a93064204,10000251,1.24,5.22,1,10000256,1.06,5.22,1,10000193,1.01,5.22,1
ant2c9b05d3f2050358e894113e14106,10000251,1.24,5.22,1,10000256,1.06,5.22,1,10000193,1.01,5.22,1
ant2cac227e9ad6b3b5cba06057ccd01,10000251,1.24,5.22,1,10000256,1.06,5.22,1,10000193,1.01,5.22,1
ant2cac985faaf0437f2bcc890a84e08,10000149,4.07,5.41,1,10000084,2.98,5.95,1,10000038,2.94,5.22,1
ant2cae139de723f3e54abe926ad7902,10000099,3.36,5.22,1,10000251,1.24,5.22,1,10000256,1.06,5.22,1
ant2cb694727d4173b649e421998af07,10000050,1.24,5.22,1,10000256,0.73,5.22,1,10000097,0.93,5.22,1
ant2cc7b58af8abe3fe09fafeb85440c,10000251,1.24,5.22,1,10000256,1.06,5.22,1,10000193,1.01,5.22,1
ant2ccfa59f58855336e8af5706e6c00,10000084,7.8,5.95,1,10000129,2.9,5.22,1,10000251,1.24,5.22,1
ant2ce6d3559aea831469a0fb9c2ae0a,10000050,2.42,5.22,1,10000251,1.88,5.22,1,10000303,1.48,5.22,1
ant2cecebe34b6e732e4ba12e4d35f0c,10000038,3.21,5.22,1,10000129,2.9,5.22,1,10000251,1.24,5.22,1
ant2cf9577c60c4e31cbb9d298c3c605,10000251,1.24,5.22,1,10000256,1.06,5.22,1,10000193,1.01,5.22,1
ant2cfc1f8e5f369ae7a1f1729c8ae09,1380389889,23.66,5.83,1,10000019,19.11,13.1,1,10000127,2.57,5.22,1
ant2cff995b6cf2a37da847c400e4000,10000149,2.92,5.41,1,10000084,2.49,7.43,1,10000038,1.79,5.22,1
ant2d00b1c5c6e373548815839b0a507,10000149,5.13,5.41,1,10000083,4.14,5.22,1,10000050,3.28,5.22,1
ant2d04df26409573427aca453674e09,10000149,4.36,5.41,1,10000038,2.78,5.22,1,10000099,2.67,5.22,1
ant2d0e7d6ab0f183a81889deb0ce200,10000084,3.25,5.95,1,10000149,3.24,5.41,1,10000038,1.87,5.22,1
ant2d0e7dd9d883931c2aa2923f25403,10000149,5.31,5.41,1,10000099,3.36,5.22,1,10000129,2.9,5.22,1
ant2d0fc98ef08f439f58354aecf9402,10000251,1.24,5.22,1,10000256,1.06,5.22,1,10000193,1.01,5.22,1
ant2d114fa1a7bd93dfe92f0b92faf08,10000303,1.55,5.22,1,10000251,1.24,5.22,1,10000256,1.06,5.22,1
ant2d11d062ac3173ec0bc4854afa403,10000038,3.69,5.22,1,10000149,3.53,5.41,1,10000129,3.09,5.22,1
ant2d1d0324f7ef4358daea618800006,10000251,1.24,5.22,1,10000256,1.06,5.22,1,10000193,1.01,5.22,1
ant2d23427ca37e83bfa95c99387e505,10000251,1.24,5.22,1,10000256,1.06,5.22,1,10000193,1.01,5.22,1
ant2d235568f4ec63615912c32686805,10000251,1.24,5.22,1,10000256,1.06,5.22,1,10000193,1.01,5.22,1
ant2d3a9822e7cc6323cb75061426b03,10000149,5.31,5.41,1,10000083,3.68,5.22,1,10000129,2.9,5.22,1
ant2d51d6d3715f7304c9020fc4d9d06,10000251,1.24,5.22,1,10000256,1.06,5.22,1,10000193,1.01,5.22,1
ant2d546a09393ee3ab6b7e08dbb7d05,10000149,5.31,5.41,1,10000129,2.9,5.22,1,10000251,1.24,5.22,1
ant2d5bc07e414e13a419cc113a9f505,10000251,1.24,5.22,1,10000256,1.06,5.22,1,10000193,1.01,5.22,1
ant2d627e415ea4b3a9fb88f13ce9003,10000050,1.89,5.22,1,10000193,0.46,5.22,1,10000238,0.44,5.22,1
ant2d6659455941132f98a43c3eb2402,10000149,5.2,5.41,1,10000084,3.65,5.95,1,10000038,3.61,5.22,1
ant2d7dc845a302b3a79877f09061f0b,10000251,1.24,5.22,1,10000256,1.06,5.22,1,10000193,1.01,5.22,1
ant2d7e927f75ed137309054cd94ab06,10000251,1.24,5.22,1,10000256,1.06,5.22,1,10000193,1.01,5.22,1
ant2d8ca0358041a364a9ad611ce400a,10000303,1.55,5.22,1,10000251,1.24,5.22,1,10000256,1.06,5.22,1
ant2d8d3068ec9193e4da811bb901c00,10000251,1.24,5.22,1,10000256,1.06,5.22,1,10000193,1.01,5.22,1
ant2d922ba3962823be7967161cf1107,10000149,3.58,5.41,1,10000083,3.48,5.22,1,10000099,3.0,5.22,1
ant2d9ccadc8094939ecbfecd4d27e03,10000251,1.24,5.22,1,10000256,1.06,5.22,1,10000193,1.01,5.22,1
ant2d9ee7cb4ab223ae2814fff46fb01,10000251,1.24,5.22,1,10000256,1.06,5.22,1,10000193,1.01,5.22,1
ant2da138deed4c03c0aaa72329d1305,10000149,3.88,5.41,1,10000129,2.32,5.22,1,10000083,2.11,5.22,1
ant2da13cd89b94e351fa4ff0c279505,10000251,1.24,5.22,1,10000256,1.06,5.22,1,10000193,1.01,5.22,1
ant2dab28ae0627a3e9f9a692fe92b07,10000084,7.8,5.95,1,10000149,5.31,5.41,1,10000129,2.9,5.22,1
ant2db02760fada73067b89fef3b5700,10000251,1.24,5.22,1,10000256,1.06,5.22,1,10000193,1.01,5.22,1
ant2dbec708f30d334f69fd9e1153900,10000303,1.55,5.22,1,10000251,1.24,5.22,1,10000256,1.06,5.22,1
ant2dc45c07df3773db5bbef08469404,10000038,3.21,5.22,1,10000251,1.24,5.22,1,10000256,1.06,5.22,1
ant2dc55f9d7d8063cd691e5d6176c03,10000251,1.24,5.22,1,10000256,1.06,5.22,1,10000193,1.01,5.22,1
ant2dc753fe76fc53e9fa68a612d0204,10000303,1.55,5.22,1,10000251,1.24,5.22,1,10000256,1.06,5.22,1
ant2dc75c0c8f49c38f0b8362e0a2400,10000251,1.24,5.22,1,10000256,1.06,5.22,1,10000193,1.01,5.22,1
ant2dcadf4158903374690a3306c720b,10000251,1.24,5.22,1,10000256,1.06,5.22,1,10000193,1.01,5.22,1
ant2dcb35fca5bb3381d85c596d37a00,10000251,1.24,5.22,1,10000256,1.06,5.22,1,10000193,1.01,5.22,1
ant2dd35fbf0a9b93c79a18a3abd7801,10000251,1.24,5.22,1,10000256,1.06,5.22,1,10000193,1.01,5.22,1
ant2dd9e6ac95d5b31999edbd85a4c03,10000251,1.24,5.22,1,10000256,1.06,5.22,1,10000193,1.01,5.22,1
ant2ddb575d757733c34842bc0ce3d0b,10000251,1.24,5.22,1,10000256,1.06,5.22,1,10000193,1.01,5.22,1
ant2dde049756e2335a7a078c2760e0b,10000251,1.24,5.22,1,10000256,1.06,5.22,1,10000193,1.01,5.22,1
ant2deba4f80074836c2bdc3183ce300,10000251,1.24,5.22,1,10000256,1.06,5.22,1,10000193,1.01,5.22,1
ant2df267b0ec4723a49b473ffeeb503,10000251,1.24,5.22,1,10000256,1.06,5.22,1,10000193,1.01,5.22,1
ant2df6b71246eb23bdfad5a8ee9dc07,10000149,5.39,5.41,1,10000038,5.01,5.22,1,10000129,4.95,5.22,1
ant2dfc3ec9c58803f3c8be190e3c107,10000251,1.24,5.22,1,10000256,1.06,5.22,1,10000193,1.01,5.22,1
ant2dfe28c77f2273d2da283cfa9e607,10000251,1.24,5.22,1,10000256,1.06,5.22,1,10000193,1.01,5.22,1
ant2e0d8a6e33cb03609b5c7bafdc105,10000084,2.69,5.95,1,10000083,2.1,5.22,1,10000050,1.81,5.22,1
ant2e10374b2154c3cd9a74cfbd6ba05,10000050,3.11,5.22,1,10000251,1.24,5.22,1,10000256,1.06,5.22,1
ant2e10818e4c7df3caa9651d803f30b,10000303,1.55,5.22,1,10000251,1.24,5.22,1,10000256,1.06,5.22,1
ant2e11eb28bec22723a8f6c1245d206,10000054,9.27,5.83,1,10000251,1.24,5.22,1,10000256,1.06,5.22,1
ant2e1b07b4418c73580bc5a81e9340a,10000251,1.24,5.22,1,10000256,1.06,5.22,1,10000193,1.01,5.22,1
ant2e253f59266e63dc58d054150da0b,10000050,3.2,5.22,1,10000251,1.19,5.22,1,10000303,1.13,5.22,1
ant2e28eaa70b2903657bbe384898109,10000251,1.24,5.22,1,10000256,1.06,5.22,1,10000193,1.01,5.22,1
ant2e31083a7a905397e92083678f60c,10000251,1.24,5.22,1,10000256,1.06,5.22,1,10000193,1.01,5.22,1
ant2e3abc099b439341c9c8a235cd002,10000251,1.24,5.22,1,10000256,1.06,5.22,1,10000193,1.01,5.22,1
ant2e3c2fe5ad87f32c6bf5c7baccf02,10000251,1.24,5.22,1,10000256,1.06,5.22,1,10000193,1.01,5.22,1
ant2e59d28f84be43559b57d07b56e03,10000251,1.24,5.22,1,10000256,1.06,5.22,1,10000193,1.01,5.22,1
ant2e5c108b147e53f9e8598b0a1bb0b,10000251,1.24,5.22,1,10000256,1.06,5.22,1,10000193,1.01,5.22,1
ant2e6444bfe7cfd3ad9876d88e7dc01,10000149,5.31,5.41,1,10000129,2.9,5.22,1,10000251,1.24,5.22,1
ant2e736ac5698d93f93879b05bcb502,10000050,3.11,5.22,1,10000251,1.24,5.22,1,10000256,1.06,5.22,1
ant2e75ce70c04fa3ac5b64923adcb06,10000251,1.24,5.22,1,10000256,1.06,5.22,1,10000193,1.01,5.22,1
ant2e8661f07470030c1b6447494b402,10000251,1.24,5.22,1,10000256,1.06,5.22,1,10000193,1.01,5.22,1
ant2e88b9d82ebaf3222934eba8bb302,10000251,1.24,5.22,1,10000256,1.06,5.22,1,10000193,1.01,5.22,1
ant2e906ee5184b03a21914625e25402,10000251,1.24,5.22,1,10000256,1.06,5.22,1,10000193,1.01,5.22,1
ant2e9099f244b093a0eaa53039edd09,10000251,1.24,5.22,1,10000256,1.06,5.22,1,10000193,1.01,5.22,1
ant2e97477ab0c1036b1884142b85702,10000251,1.24,5.22,1,10000256,1.06,5.22,1,10000193,1.01,5.22,1
ant2e981147f08a3384cb5b8d00d620c,10000038,2.55,5.22,1,10000251,1.98,5.22,1,10000050,2.21,5.22,1
ant2e99f3297f43532c1bfb0c2fd9c08,10000251,1.24,5.22,1,10000256,1.06,5.22,1,10000193,1.01,5.22,1
ant2e9c268908de236dbb25400149b04,10000251,1.24,5.22,1,10000256,1.06,5.22,1,10000193,1.01,5.22,1
ant2e9c61b7407ed3524a35ebf1d3d0c,10000099,3.36,5.22,1,10000251,1.24,5.22,1,10000256,1.06,5.22,1
ant2e9c6d7aa422d3a7db2575fa96f01,10000149,5.81,5.41,1,10000084,1.6,5.95,1,10000129,1.46,5.22,1
ant2ea5e9d701bee3339a63ca975f506,10000251,1.24,5.22,1,10000256,1.06,5.22,1,10000193,1.01,5.22,1
ant2ea99d1d0a34c3a1685ea97ae4b0b,10000251,1.24,5.22,1,10000256,1.06,5.22,1,10000193,1.01,5.22,1
ant2ebfdf779c34a3befae617ed8e809,10000149,3.93,5.41,1,10000099,3.34,5.22,1,10000083,3.06,5.22,1
ant2ec38b2f8c6ee312eb6ba1255c108,10000303,1.55,5.22,1,10000251,1.24,5.22,1,10000256,1.06,5.22,1
ant2ec38e01b986031b799cd46671c00,10000149,2.03,5.41,1,10000038,1.39,5.22,1,10000129,1.31,5.22,1
ant2ecceb14d510d3e5d915cb900d500,10000129,2.9,5.22,1,10000251,1.24,5.22,1,10000256,1.06,5.22,1
ant2ed25c92ca770387e89610cb6250c,10000251,1.24,5.22,1,10000256,1.06,5.22,1,10000193,1.01,5.22,1
ant2ee31ea3b9265374fa9a6468d4200,10000149,3.36,5.41,1,10000084,2.16,7.43,1,10000083,2.01,5.22,1
ant2ee84a90966a13d3fab254030d30c,10000149,4.99,5.41,1,10000050,3.65,5.22,1,10000129,3.54,5.22,1
ant2eebfac4cef03327f9dbd6e82490c,10000099,3.95,5.22,1,10000083,3.68,5.22,1,10000149,3.63,5.41,1
ant2f005b2468f5f3a6480b5fa06c207,10000251,1.24,5.22,1,10000256,1.06,5.22,1,10000193,1.01,5.22,1
ant2f0473ad821153003956394fef201,10000251,1.24,5.22,1,10000256,1.06,5.22,1,10000193,1.01,5.22,1
ant2f06a0bd824ea3feabf3b800e5f01,10000251,1.24,5.22,1,10000238,1.16,5.22,1,10000256,1.06,5.22,1
ant2f072a9cfebc33e74aaffa9bc7406,10000251,1.24,5.22,1,10000256,1.06,5.22,1,10000193,1.01,5.22,1
ant2f07792ab52df3175b4c66162d80b,10000303,1.55,5.22,1,10000251,1.24,5.22,1,10000256,1.06,5.22,1
ant2f1048738c4bb3da9aaee232a5c06,10000149,3.93,5.41,1,10000038,2.14,5.22,1,10000251,1.38,5.22,1
ant2f123ec388c0c35db854783a14601,10000251,1.24,5.22,1,10000256,1.06,5.22,1,10000193,1.01,5.22,1
ant2f12970c5a7113bfda40fc8475208,10000251,1.24,5.22,1,10000256,1.06,5.22,1,10000193,1.01,5.22,1
ant2f178171a6c50352d9fcbaa2d740a,10000251,1.24,5.22,1,10000256,1.06,5.22,1,10000193,1.01,5.22,1
ant2f17f2d34292f36e6905376f2eb02,10000050,3.11,5.22,1,10000251,1.24,5.22,1,10000256,1.06,5.22,1
ant2f1ddfdc98e163c94a78c63e2c304,10000149,4.31,5.41,1,10000038,2.88,5.22,1,10000251,1.83,5.22,1
ant2f249b91ded29392faaafdf3a9802,10000251,1.24,5.22,1,10000256,1.06,5.22,1,10000193,1.01,5.22,1
ant2f2b00eaf6bd732839fe6bc296b07,10000251,1.24,5.22,1,10000256,1.06,5.22,1,10000193,1.01,5.22,1
ant2f2b0b4d5efcd3618ac2ebf45a80a,10000251,1.24,5.22,1,10000256,1.06,5.22,1,10000193,1.01,5.22,1
ant2f30a014f0f563e349f02e6965a00,10000149,3.25,5.41,1,10000084,2.78,5.95,1,10000083,2.11,5.22,1
ant2f3f48f8909e232369addd8647902,10000303,1.55,5.22,1,10000251,1.24,5.22,1,10000256,1.06,5.22,1
ant2f403967bc7f43f3eb57bb6f26300,10000251,1.24,5.22,1,10000256,1.06,5.22,1,10000193,1.01,5.22,1
ant2f4040f5ae8f1349a874f512a3b07,10000149,4.35,5.41,1,10000084,3.68,7.43,1,10000083,2.2,5.22,1
ant2f451e91ded6f3cb0a9f286da390a,10000149,4.65,5.41,1,10000038,4.2,5.22,1,10000050,2.77,5.22,1
ant2f47091d2cb1e3aa7bf8176d2e803,10000251,1.24,5.22,1,10000238,1.16,5.22,1,10000256,1.06,5.22,1
ant2f4837cca600536e8a5c589c30304,10000251,1.24,5.22,1,10000256,1.06,5.22,1,10000193,1.01,5.22,1
ant2f48470e9b43e3e6bbb11f71c0803,10000149,5.47,5.41,1,10000099,4.23,5.22,1,10000083,3.92,5.22,1
ant2f4b0f3a30138326a9a165bb05905,10000303,1.55,5.22,1,10000251,1.24,5.22,1,10000256,1.06,5.22,1
ant2f4ca684e51cf38428aa8cdc12a07,10000303,1.55,5.22,1,10000251,1.24,5.22,1,10000256,1.06,5.22,1
ant2f4db20b02c0533e489a5371d0e03,10000251,1.24,5.22,1,10000256,1.06,5.22,1,10000193,1.01,5.22,1
ant2f541a16b71cb3872840e08cde509,10000149,5.31,5.41,1,10000038,3.21,5.22,1,10000129,2.9,5.22,1
ant2f5dfee6559263cf7a937a11fff03,10000149,2.43,5.41,1,10000084,2.05,5.95,1,10000038,1.86,5.22,1
ant2f60473a3381335b3a7dc44858e03,10000251,1.24,5.22,1,10000256,1.06,5.22,1,10000193,1.01,5.22,1
ant2f6bcef0a2f3a30a0b74313fe0306,10000251,1.24,5.22,1,10000238,1.16,5.22,1,10000256,1.06,5.22,1
ant2f6d87aaf5f0e377abb5fd509ba03,10000193,1.02,5.22,1,10000168,0.98,5.22,1,10000208,0.97,5.22,1
ant2f73b6648a2ed349885d38e207b01,10000251,1.24,5.22,1,10000256,1.06,5.22,1,10000193,1.01,5.22,1
ant2f75cd1fb9a143b5590a276df9109,10000251,1.24,5.22,1,10000256,1.06,5.22,1,10000193,1.01,5.22,1
ant2f7a37dd600073e0fb7ab22551808,10000303,1.55,5.22,1,10000251,1.24,5.22,1,10000256,1.06,5.22,1
ant2f80392c05e903311515284df6c02,10000054,9.27,5.83,1,10000251,1.24,5.22,1,10000256,1.06,5.22,1
ant2f813a00be19d3929871e78225503,10000251,1.24,5.22,1,10000256,1.06,5.22,1,10000193,1.01,5.22,1
ant2f86b6e1508fb3b03bc0d6bc32f00,10000303,1.55,5.22,1,10000251,1.24,5.22,1,10000256,1.06,5.22,1
ant2f870392395233082a3dd0ee9fe05,10000303,1.55,5.22,1,10000251,1.24,5.22,1,10000256,1.06,5.22,1
ant2f93f1de994a23d4989f2da27e803,10000149,4.55,5.41,1,10000099,3.45,5.22,1,10000038,2.82,5.22,1
ant2f94d311575673e309d21c5984201,10000251,1.24,5.22,1,10000256,1.06,5.22,1,10000193,1.01,5.22,1
ant2f9579916ce8133dcbaaf34ee1a05,10000251,1.24,5.22,1,10000256,1.06,5.22,1,10000193,1.01,5.22,1
ant2f97ad4f20e3736e7a4edc01bfb05,10000303,1.55,5.22,1,10000251,1.24,5.22,1,10000256,1.06,5.22,1
ant2f9ba2b1de51c365793dd2a350606,10000149,5.31,5.41,1,10000251,1.24,5.22,1,10000256,1.06,5.22,1
ant2f9c4b7305df431ac875242356806,10000251,1.24,5.22,1,10000238,1.16,5.22,1,10000256,1.06,5.22,1
ant2fa49b42342683f72bcceec535d05,10000303,1.55,5.22,1,10000251,1.24,5.22,1,10000256,1.06,5.22,1
ant2fb2091cab4b63a3999d1f33c9e0b,10000149,5.97,5.41,1,10000084,1.67,5.95,1,10000129,1.49,5.22,1
ant2fb7ca86340563aa2b911db126d06,10000050,2.49,5.22,1,10000251,1.21,5.22,1,10000256,0.73,5.22,1
ant2fbdacb20ec883a3db0e8fb812204,10000251,1.24,5.22,1,10000238,1.16,5.22,1,10000256,1.06,5.22,1
ant2fc7601f60ff030aa93b24b23bf0b,10000303,1.55,5.22,1,10000251,1.24,5.22,1,10000256,1.06,5.22,1
ant2fc9202520e48380385f0042dc500,10000251,1.24,5.22,1,10000256,1.06,5.22,1,10000193,1.01,5.22,1
ant2fd06dceaea2638878e4ab95bab08,10000149,5.31,5.41,1,10000038,3.21,5.22,1,10000251,1.24,5.22,1
ant2fd0f0557e5833bf894dee10d4500,10000251,1.24,5.22,1,10000256,1.06,5.22,1,10000193,1.01,5.22,1
ant2fd2d9a5941d63983a6cc2b6b9409,10000251,3.07,5.22,1,10000303,1.74,5.22,1,10000256,1.42,5.22,1
ant2fe44caa9fc173d87b1462b81b705,10000038,3.21,5.22,1,10000129,2.9,5.22,1,10000251,1.24,5.22,1
ant2fe4a57080ac23669b8a8aff51a08,10000303,1.55,5.22,1,10000251,1.24,5.22,1,10000256,1.06,5.22,1
ant2fef0cfedb5a8330eacb7f2420100,10000251,1.24,5.22,1,10000238,1.16,5.22,1,10000256,1.06,5.22,1
ant2ff0bdca93530305f9249e6d9190b,10000149,8.5,5.41,1,10000099,5.35,5.22,1,10000083,4.39,5.22,1
ant2ff650b256bf63446a0063aefd600,10000038,3.21,5.22,1,10000251,1.24,5.22,1,10000256,1.06,5.22,1
ant2ffc8f42318fa3f8ea3af5b626502,10000251,1.24,5.22,1,10000256,1.06,5.22,1,10000193,1.01,5.22,1
ant2ffeba86d1de13db8b56ba6f88703,10000251,1.24,5.22,1,10000256,1.06,5.22,1,10000193,1.01,5.22,1
ant2ffec3cf236ce3ca8a60eb35e5102,10000303,1.55,5.22,1,10000251,1.24,5.22,1,10000256,1.06,5.22,1
ant305580a917862cc92116392586701,10000019,19.11,13.1,1,10000251,1.24,5.22,1,10000256,1.06,5.22,1
ant31f672f9450ebd88f9bcab4dfc009,10000251,1.24,5.22,1,10000256,1.06,5.22,1,10000193,1.01,5.22,1
ant33d78d837eb7bc48b23664382e80a,1380389889,23.66,5.83,1,10000019,19.11,13.1,1,1382490022,15.53,5.83,1
ant3509ba7bc6e77740416c2131eeb01,10000054,9.27,5.83,1,10000251,1.24,5.22,1,10000256,1.06,5.22,1
ant385517f8317bde6de39109b3bc107,10000006,11.78,6.23,1,10000251,1.24,5.22,1,10000256,1.06,5.22,1
ant3868021dee204bb1db6f358498e01,1380389889,23.66,5.83,1,10000127,2.57,5.22,1,10000251,1.24,5.22,1
ant391a42dca64620bca8063b4cc9404,10000006,11.78,6.23,1,10000139,9.43,6.23,1,10000251,1.24,5.22,1
ant3a2ec213b4832bdaac5999852bb08,1380389889,23.66,5.83,1,10000251,1.24,5.22,1,10000256,1.06,5.22,1
ant3bb4c11f96b31b4f8fea1d9e7f207,10000303,1.55,5.22,1,10000251,1.24,5.22,1,10000256,1.06,5.22,1
ant3bfc0b0133106e3546a69d4a90b07,10000251,1.24,5.22,1,10000256,1.06,5.22,1,10000193,1.01,5.22,1
ant3c756da8852f3223fd8705898eb06,10000019,19.11,13.1,1,10000006,11.78,6.23,1,10000139,9.43,6.23,1
ant41227657f5f08a795f993e84cf407,10000251,1.24,5.22,1,10000256,1.06,5.22,1,10000193,1.01,5.22,1
ant432934e7716cfc1e8eb0e8b132109,1380389889,23.66,5.83,1,10000019,19.11,13.1,1,10000054,9.27,5.83,1
ant45804028cb4c05f5e2922ebb39c07,10000251,1.24,5.22,1,10000256,1.06,5.22,1,10000193,1.01,5.22,1
ant49522d1fad3e309e1d46e3825ac01,10000251,1.24,5.22,1,10000256,1.06,5.22,1,10000193,1.01,5.22,1
ant4a13f9e99d6522217f827c1bc6f00,1380389889,23.66,5.83,1,10000251,1.24,5.22,1,10000256,1.06,5.22,1
ant4b3b09c150eb3072dcc2d8971cb07,10000307,20.4,6.23,1,10000251,1.24,5.22,1,10000256,1.06,5.22,1
ant4b70dea525ed41909e27bcb2d1f03,10000019,25.24,16.4,1,10000047,19.25,7.12,1,10000006,12.0,6.23,1
ant4c18941ebb10962ec9925644cdf03,10000251,1.24,5.22,1,10000256,1.06,5.22,1,10000193,1.01,5.22,1
ant4cff384a69c9f2d3ccd2b7e350503,10000038,3.63,5.22,1,10000050,1.72,5.22,1,10000238,1.08,5.22,1
ant4ec3eae1160a1a8a22a3090e9e000,10000019,19.11,13.1,1,10000006,11.78,6.23,1,10000326,5.12,5.41,1
ant4f4756f7388aaf78173766f8d8201,1380389889,23.66,5.83,1,10000019,19.11,13.1,1,1382490022,15.53,5.83,1
ant4f915e17ce70a7701b8fae15ab501,10000303,1.55,5.22,1,10000251,1.24,5.22,1,10000256,1.06,5.22,1
ant5714e1c1eaabfa4dec5bf84e1eb08,1382490022,13.19,5.83,1,1380389889,12.09,5.83,1,10000019,10.44,13.1,1
ant590f4f3a2300af132824b7967e907,10000307,7.99,6.23,1,1382490022,7.47,5.83,1,10000041,7.16,5.55,1
ant5ddfaa5efe922a3153c1179811a02,10000251,1.24,5.22,1,10000256,1.06,5.22,1,10000193,1.01,5.22,1
ant5e0f2f4a6803ce6517f02645f4d00,10000019,19.11,13.1,1,10000251,1.24,5.22,1,10000256,1.06,5.22,1
ant6054022f9b4fb577eb7449618d408,10000006,11.78,6.23,1,10000251,1.24,5.22,1,10000256,1.06,5.22,1
ant60c6ff93e51e619f338c810d28905,10000307,20.4,6.23,1,10000251,1.24,5.22,1,10000256,1.06,5.22,1
ant63dcbf94f242dc2fd63fe63209807,10000019,19.11,13.1,1,10000041,15.83,5.55,1,1382490022,15.53,5.83,1
ant64846ea7c74964deca2009b988f08,10000019,19.11,13.1,1,10000251,1.24,5.22,1,10000256,1.06,5.22,1
ant64d730ed0b1b524b8724fd7619b01,1380389889,23.66,5.83,1,10000251,1.24,5.22,1,10000256,1.06,5.22,1
ant6a29dafd519e89180030f6424820a,10000303,1.55,5.22,1,10000251,1.24,5.22,1,10000256,1.06,5.22,1
ant6d9d07a2a1f00dcd15768abf1d30c,1380389889,23.66,5.83,1,10000251,1.24,5.22,1,10000256,1.06,5.22,1
ant6ed8725270f99d6f7d25244ff9b0a,10000303,1.55,5.22,1,10000251,1.24,5.22,1,10000256,1.06,5.22,1
ant7083ec4ccd85d7f531a63da054b02,10000019,19.11,13.1,1,10000006,11.78,6.23,1,10000251,1.24,5.22,1
ant70841f665098023421ed227f0ab0c,10000019,19.11,13.1,1,10000251,1.24,5.22,1,10000256,1.06,5.22,1
ant70c7ec7eaf3fe7c534db85d849b06,1380389889,67.1,5.83,1,10000041,55.2,5.55,1,10000019,49.15,16.6,1
ant7889b04d94e39674155db4ae9280a,10000019,19.11,13.1,1,10000054,9.27,5.83,1,10000251,1.24,5.22,1
ant819606ef1602012f541b043753601,10000019,19.11,13.1,1,10000006,11.78,6.23,1,10000251,1.24,5.22,1
ant85f1c8c2a5f145f0b40d6be0ce90a,10000307,15.19,6.23,1,1380389889,15.04,5.83,1,10000019,14.53,13.1,1
ant8609a5c8055af4b7cf89d8d916602,1380389889,23.66,5.83,1,10000251,1.24,5.22,1,10000256,1.06,5.22,1
ant88dd25c9627422b64ece5d2799203,10000019,19.11,13.1,1,10000251,1.24,5.22,1,10000256,1.06,5.22,1
ant8ab6104b910bf491b3d0f7298dd02,10000307,12.75,6.23,1,1382490022,12.17,5.83,1,10000006,12.01,6.23,1
ant8b3313e9e51781db51e87b3ea1803,10000019,19.11,13.1,1,10000006,11.78,6.23,1,10000054,9.27,5.83,1
ant8b608450c94bc6c64f7fc27b30704,10000006,11.78,6.23,1,10000139,9.43,6.23,1,10000251,1.24,5.22,1
ant8b60b0540bbcfb9695e1f69c89501,10000006,11.78,6.23,1,10000251,1.24,5.22,1,10000256,1.06,5.22,1
ant8ba0f28f4d9d3ab8ade17728a4701,1380389889,23.66,5.83,1,10000251,1.24,5.22,1,10000256,1.06,5.22,1
ant8d7c069101ca19c6dcdd4911e2a00,1380389889,23.66,5.83,1,10000251,1.24,5.22,1,10000256,1.06,5.22,1
ant945ef60d7bf4ae00fdc42193ecf01,10000251,1.24,5.22,1,10000256,1.06,5.22,1,10000193,1.01,5.22,1
ant948328ab39248dc1cdc3fbaabb804,1380389889,22.36,5.83,1,10000019,14.72,13.1,1,1382490022,13.27,5.83,1
ant962670b88f7437dcff2fb8a6e6c00,10000251,1.24,5.22,1,10000256,1.06,5.22,1,10000193,1.01,5.22,1
ant963bbdbeeead4ae4e64fa19af8102,10000303,1.55,5.22,1,10000251,1.24,5.22,1,10000256,1.06,5.22,1
ant96d9dd600a854e78928a4659e9b0c,10000251,1.24,5.22,1,10000256,1.06,5.22,1,10000193,1.01,5.22,1
ant9766fe07c98ed3cfc42404fe7500a,10000307,20.4,6.23,1,10000251,1.24,5.22,1,10000256,1.06,5.22,1
ant9a9e5cfa5b757e1e5309fa5480705,10000047,15.88,7.12,1,10000307,10.88,6.23,1,1382490022,10.65,5.83,1
ant9afcb7979f469385993de16347105,10000303,1.55,5.22,1,10000251,1.24,5.22,1,10000256,1.06,5.22,1
ant9b3b2aea8b7bd0a33d723fa4ce405,1380389889,12.23,5.83,1,10000047,12.09,7.12,1,1382490022,10.53,5.83,1
ant9d15181081939a0f44bd411011808,1382490022,14.73,5.83,1,10000041,14.04,5.55,1,1380389889,12.07,5.83,1
ant9f46957f6cdc3a7e7d8e4098d3707,10000307,20.4,6.23,1,10000303,1.55,5.22,1,10000251,1.24,5.22,1
anta0087f2b471b3b2610597d46e3603,1380389889,23.66,5.83,1,10000006,11.78,6.23,1,10000251,1.24,5.22,1
anta0ba7458b48dd5bcfa12a00a8bf04,10000303,1.55,5.22,1,10000251,1.24,5.22,1,10000256,1.06,5.22,1
anta27e3b8863c93f446b250693bcb05,10000307,20.4,6.23,1,10000139,9.43,6.23,1,10000251,1.24,5.22,1
anta49cdf01b89fdbbaa76757d71b404,10000303,1.55,5.22,1,10000251,1.24,5.22,1,10000256,1.06,5.22,1
anta5ec0d60a4b65024eb499e7305201,10000251,1.24,5.22,1,10000256,1.06,5.22,1,10000193,1.01,5.22,1
anta6d352a03bf627310f5e2a44f270b,10000019,19.11,13.1,1,10000006,11.78,6.23,1,10000326,5.12,5.41,1
anta83cc798428ebeb28e1342fc14600,10000251,1.24,5.22,1,10000256,1.06,5.22,1,10000193,1.01,5.22,1
anta97ebea1d7871012a763c77bc3605,10000303,1.55,5.22,1,10000251,1.24,5.22,1,10000256,1.06,5.22,1
antab3c77932a650859dc3051420fc04,1380389889,23.66,5.83,1,10000307,20.4,6.23,1,10000251,1.24,5.22,1
antaf347deae0bbb8b85012bfe37b604,1382490022,15.53,5.83,1,10000251,1.24,5.22,1,10000256,1.06,5.22,1
antb536bdec9baa53f62f27990383e01,10000019,19.11,13.1,1,10000006,11.78,6.23,1,10000054,9.27,5.83,1
antb86b914baba11ec38325ad2630900,10000326,5.12,5.41,1,10000251,1.24,5.22,1,10000256,1.06,5.22,1
antbd4a7b0952a22ba7e3ebfc342ac07,10000019,19.11,13.1,1,10000251,1.24,5.22,1,10000256,1.06,5.22,1
antc1588e8891c596bcdf25a6fb5b403,10000307,20.4,6.23,1,10000019,19.11,13.1,1,1382490022,15.53,5.83,1
antc70e1801eaee29665bd82a47ecc00,1380389889,23.66,5.83,1,10000307,20.4,6.23,1,10000019,19.11,13.1,1
antc94716f1377b6a8d4eb1c71f58a0a,10000251,1.24,5.22,1,10000256,1.06,5.22,1,10000193,1.01,5.22,1
antc9908b18bc2f8dc368756e8bf7c03,10000019,19.11,13.1,1,10000006,11.78,6.23,1,10000251,1.24,5.22,1
antcc2b2799d8886a99983cd1648da06,1380389889,23.66,5.83,1,10000251,1.24,5.22,1,10000256,1.06,5.22,1
antd445161051e322d62984a745f7808,1380389889,23.66,5.83,1,10000307,20.4,6.23,1,10000251,1.24,5.22,1
antd9b80ebcda24da24e17b4e37dba00,10000019,19.11,13.1,1,1382490022,15.53,5.83,1,10000006,11.78,6.23,1
antda3a8752e010d2d68001f3865fa0a,10000303,1.55,5.22,1,10000251,1.24,5.22,1,10000256,1.06,5.22,1
antdb3c962dffe16998306e18fd7ac0a,10000019,19.11,13.1,1,1382490022,15.53,5.83,1,10000139,9.43,6.23,1
antdb3df1af96a548d4ebee2e5f51100,1382490022,15.53,5.83,1,10000251,1.24,5.22,1,10000256,1.06,5.22,1
antdb61bd7150cbe647dbe1f6472fe03,1380389889,23.66,5.83,1,10000303,1.55,5.22,1,10000251,1.24,5.22,1
antdf03e49dd2d91cb4da9e0a11ec70c,10000019,19.11,13.1,1,10000006,11.78,6.23,1,10000251,1.24,5.22,1
ante47170213bd33279854552d50ac01,10000307,23.67,11.49,1,10000019,18.31,12.82,1,1380389889,11.78,9.47,1
antf25e037a79ea72c8b1db5af9f2f00,10000006,11.78,6.23,1,10000139,9.43,6.23,1,10000251,1.24,5.22,1
antf2b760ce795b0aa9494041fdae707,10000047,15.62,12.49,1,10000307,14.16,13.55,1,1380389889,9.77,11.21,1
antf5fc01283c6951cb5ac8cabbb910b,10000251,1.24,5.22,1,10000256,1.06,5.22,1,10000193,1.01,5.22,1
antf659e0aaa928f75acf87be3cab905,10000139,9.43,6.23,1,10000251,1.24,5.22,1,10000256,1.06,5.22,1
antf91912c51f4715478f2b15ea6c009,10000251,1.24,5.22,1,10000256,1.06,5.22,1,10000193,1.01,5.22,1
antfb0f98133a691970580f15fa0b703,10000307,20.4,6.23,1,10000251,1.24,5.22,1,10000256,1.06,5.22,1
antfb8ab80eb71a3ee3063f4163d130c,10000019,19.11,13.1,1,10000006,11.78,6.23,1,10000251,1.24,5.22,1
antfcty0100000770592601060000004,10000047,16.69,7.12,1,1382490022,11.78,5.83,1,10000307,11.76,6.23,1
antfde87154d5c811c870161df5f380a,10000006,11.78,6.23,1,10000139,9.43,6.23,1,10000251,1.24,5.22,1
antys000fbd34b6be409682c6633b209,10000251,1.24,5.22,1,10000256,1.06,5.22,1,10000193,1.01,5.22,1
antys02f6e2a0219f7674372f832f904,10000251,1.24,5.22,1,10000256,1.06,5.22,1,10000193,1.01,5.22,1
antys03d92fd1b1c959157ca7138950a,10000251,1.24,5.22,1,10000256,1.06,5.22,1,10000193,1.01,5.22,1
antys04d1134ce436c7b580797114208,10000251,1.24,5.22,1,10000256,1.06,5.22,1,10000193,1.01,5.22,1
antys04dabf4ed3021d049fe0776c609,10000251,1.24,5.22,1,10000256,1.06,5.22,1,10000193,1.01,5.22,1
antys05b04e731a582c3d3a5b4121107,10000251,1.24,5.22,1,10000256,1.06,5.22,1,10000193,1.01,5.22,1
antys063c358c2ec8d088524ddffc300,10000251,1.24,5.22,1,10000256,1.06,5.22,1,10000193,1.01,5.22,1
antys07788054f30ed899eb517447909,10000251,1.24,5.22,1,10000256,1.06,5.22,1,10000193,1.01,5.22,1
antys07b00a3868a98de85879c755504,10000251,1.24,5.22,1,10000256,1.06,5.22,1,10000193,1.01,5.22,1
antys0913aac540482b53279fa90dd04,10000251,1.24,5.22,1,10000256,1.06,5.22,1,10000193,1.01,5.22,1
antys09f3aaa8a77bb15196a8afae80c,10000251,1.24,5.22,1,10000256,1.06,5.22,1,10000193,1.01,5.22,1
antys0a195d97d45a306094342be7906,10000251,1.24,5.22,1,10000256,1.06,5.22,1,10000193,1.01,5.22,1
antys0a953799b1122ef209234a3be0c,10000251,1.24,5.22,1,10000256,1.06,5.22,1,10000193,1.01,5.22,1
antys0c4bdc2c3d5cb0ffe6951721404,10000019,13.81,11.76,1,10000041,11.63,7.04,1,1380389889,11.13,7.32,1
antys0d158d8ee2e5413134afca0760b,10000251,1.24,5.22,1,10000256,1.06,5.22,1,10000193,1.01,5.22,1
antys0de39c93b5a156fe7cf67a2c502,10000190,0.56,5.22,1,10000193,0.5,5.22,1,10000243,0.46,5.22,1
antys0f4c0308d403d5854cc359bd006,10000251,1.24,5.22,1,10000256,1.06,5.22,1,10000193,1.01,5.22,1
antys0f56b6c6dd94f0982a661e28305,10000251,1.24,5.22,1,10000256,1.06,5.22,1,10000193,1.01,5.22,1
antys10e8278a432fefa4a71df46040c,10000251,1.24,5.22,1,10000256,1.06,5.22,1,10000193,1.01,5.22,1
antys1250f51844881206b23c0ecb500,10000251,1.24,5.22,1,10000256,1.06,5.22,1,10000193,1.01,5.22,1
antys129df82a4f7ad3b83b04bc8ef01,10000251,1.24,5.22,1,10000256,1.06,5.22,1,10000193,1.01,5.22,1
antys13e24c2a1c803920ee98b8f3006,10000251,1.24,5.22,1,10000256,1.06,5.22,1,10000193,1.01,5.22,1
antys1444880af778c9835392ae82c00,10000019,10.66,18.16,1,1380389889,8.5,5.83,1,1382490022,7.16,5.83,1
antys14a5febed599dd3e19e4cbce50b,10000251,1.24,5.22,1,10000256,1.06,5.22,1,10000193,1.01,5.22,1
antys15e297ad31e8dc410c23aa5da01,10000251,1.24,5.22,1,10000256,1.06,5.22,1,10000193,1.01,5.22,1
antys166f9b185fa47acea32e95af806,10000251,1.24,5.22,1,10000256,1.06,5.22,1,10000193,1.01,5.22,1
antys177339824810274c7dcc40d1c00,10000251,1.24,5.22,1,10000256,1.06,5.22,1,10000193,1.01,5.22,1
antys18afc99765ddf6d6e769def8009,10000251,1.24,5.22,1,10000256,1.06,5.22,1,10000193,1.01,5.22,1
antys1c8f782877d91bbb85a9157cd02,10000303,1.55,5.22,1,10000251,1.24,5.22,1,10000256,1.06,5.22,1
antys1df3db4f6c731d6f4b34f4d9907,10000251,1.24,5.22,1,10000256,1.06,5.22,1,10000193,1.01,5.22,1
antys1e71aac75df8c370a2bdf3a530c,10000251,1.24,5.22,1,10000256,1.06,5.22,1,10000193,1.01,5.22,1
antys20ef32434f3c80f07864cdc9405,10000251,1.24,5.22,1,10000256,1.06,5.22,1,10000193,1.01,5.22,1
antys218429cd3a411f1fec499029001,10000019,13.81,11.76,1,10000041,11.63,7.04,1,1380389889,11.13,7.32,1
antys21fe4d90dec85a03210849bb706,10000251,1.24,5.22,1,10000256,1.06,5.22,1,10000193,1.01,5.22,1
antys25fa443c04d0dc8515f9ae36d0a,10000251,1.24,5.22,1,10000256,1.06,5.22,1,10000193,1.01,5.22,1
antys26614a3ca937aee3cec87548c07,10000251,1.24,5.22,1,10000256,1.06,5.22,1,10000193,1.01,5.22,1
antys26fb5452cdcf6b9ecec5b3c1d06,10000251,1.24,5.22,1,10000256,1.06,5.22,1,10000193,1.01,5.22,1
antys28e441fdc366b44b55e0ead580b,10000251,1.24,5.22,1,10000256,1.06,5.22,1,10000193,1.01,5.22,1
antys29f942fba992d2388485d6aec00,10000251,1.24,5.22,1,10000256,1.06,5.22,1,10000193,1.01,5.22,1
antys2acdcc10866f9a35f2c513e3e01,10000251,1.24,5.22,1,10000256,1.06,5.22,1,10000193,1.01,5.22,1
antys2c014befa3c0745b4f17f356308,10000251,1.24,5.22,1,10000256,1.06,5.22,1,10000193,1.01,5.22,1
antys2cf5f2cc6a1e2c853b682cd1f0a,10000251,1.24,5.22,1,10000256,1.06,5.22,1,10000193,1.01,5.22,1
antys2f4eba0f750e7cd25e2d79e1d05,10000251,1.24,5.22,1,10000256,1.06,5.22,1,10000193,1.01,5.22,1
antys2fc04d7fcfbc4a58f250b42430b,10000303,0.7,5.22,1,10000251,0.62,5.22,1,10000238,0.52,5.22,1
antys302f72db40ce18b8fec003c1c03,10000251,1.24,5.22,1,10000256,1.06,5.22,1,10000193,1.01,5.22,1
antys30869de9a975a0d1ef0c279f308,10000251,1.24,5.22,1,10000256,1.06,5.22,1,10000193,1.01,5.22,1
antys3110b101087a3f238777213b00c,10000251,1.24,5.22,1,10000256,1.06,5.22,1,10000193,1.01,5.22,1
antys321ff368f4f964d3017a73bd707,10000251,1.24,5.22,1,10000256,1.06,5.22,1,10000193,1.01,5.22,1
antys3457bf91bb9c63d6f83baf9b306,10000251,1.24,5.22,1,10000256,1.06,5.22,1,10000193,1.01,5.22,1
antys34673596c6d512ca870f6cc670a,10000193,0.33,5.22,1,10000097,0.61,5.22,1,10000190,0.31,5.22,1
antys3483e0ed8eec77922a7e109ff02,10000251,1.24,5.22,1,10000256,1.06,5.22,1,10000193,1.01,5.22,1
antys36718fefcdfc243318a4d713801,10000251,1.24,5.22,1,10000256,1.06,5.22,1,10000193,1.01,5.22,1
antys3691aca4ac6cd042b1aedb1fc0a,10000251,1.24,5.22,1,10000256,1.06,5.22,1,10000193,1.01,5.22,1
antys36a8694a93350c6925cfadac303,10000251,1.24,5.22,1,10000256,1.06,5.22,1,10000193,1.01,5.22,1
antys3733827edf8c003a3c4590b3504,10000251,1.24,5.22,1,10000256,1.06,5.22,1,10000193,1.01,5.22,1
antys37613c8c5a26fd6ea4b80e11e04,10000251,1.24,5.22,1,10000256,1.06,5.22,1,10000193,1.01,5.22,1
antys376ace152e2ff76a400120daa02,10000251,1.24,5.22,1,10000256,1.06,5.22,1,10000193,1.01,5.22,1
antys388c483b816fe898a04f9399e0c,10000251,1.24,5.22,1,10000256,1.06,5.22,1,10000193,1.01,5.22,1
antys38ae3ae512d7d1e3bfa38a06804,10000251,1.24,5.22,1,10000256,1.06,5.22,1,10000193,1.01,5.22,1
antys39788bbca4bb89052fcc019920b,10000251,1.24,5.22,1,10000256,1.06,5.22,1,10000193,1.01,5.22,1
antys3d2bc8aacef9fc9704274870301,10000303,0.56,5.22,1,10000251,0.53,5.22,1,10000256,0.47,5.22,1
antys3d9d7f3c3a18a0bd9873254e500,10000251,1.24,5.22,1,10000256,1.06,5.22,1,10000193,1.01,5.22,1
antys3e08d0488a12016d24a27226f07,10000251,1.24,5.22,1,10000256,1.06,5.22,1,10000193,1.01,5.22,1
antys3fb94d950ccee77992e81d44101,10000251,1.24,5.22,1,10000238,1.16,5.22,1,10000256,1.06,5.22,1
antys41757a196826fa97f8ba96a570b,10000251,1.24,5.22,1,10000256,1.06,5.22,1,10000193,1.01,5.22,1
antys42385ddb9ce2737e5be0a7a9e05,10000190,0.56,5.22,1,10000193,0.5,5.22,1,10000243,0.46,5.22,1
antys426cf3e3ea6a74919f4ce84f102,10000251,1.24,5.22,1,10000256,1.06,5.22,1,10000193,1.01,5.22,1
antys4420d3c8283e3d0c8507bdb240a,10000251,1.24,5.22,1,10000256,1.06,5.22,1,10000193,1.01,5.22,1
antys445bd3feacbf4afbf6b9a37060b,10000251,1.24,5.22,1,10000256,1.06,5.22,1,10000193,1.01,5.22,1
antys450b22cba4b1be9882a50f95600,10000251,1.24,5.22,1,10000256,1.06,5.22,1,10000193,1.01,5.22,1
antys45460f775375dcb6c8190018904,10000251,1.24,5.22,1,10000256,1.06,5.22,1,10000193,1.01,5.22,1
antys45a1d045b096187302da183d001,10000251,1.24,5.22,1,10000256,1.06,5.22,1,10000193,1.01,5.22,1
antys4624275c0546dea1a5675d52c08,10000251,1.24,5.22,1,10000256,1.06,5.22,1,10000193,1.01,5.22,1
antys46991f3738e17326d94d517b003,10000251,1.24,5.22,1,10000256,1.06,5.22,1,10000193,1.01,5.22,1
antys47da2b95bc2b516aa18e9dcfa0b,10000190,0.56,5.22,1,10000193,0.5,5.22,1,10000243,0.46,5.22,1
antys484683ee3e49661fc6d0776900a,10000303,0.56,5.22,1,10000251,0.53,5.22,1,10000256,0.47,5.22,1
antys48bac9600464099b36c36a98104,10000251,1.24,5.22,1,10000256,1.06,5.22,1,10000193,1.01,5.22,1
antys499e85a88cbd6c253527feef509,10000251,1.24,5.22,1,10000256,1.06,5.22,1,10000193,1.01,5.22,1
antys4a72b885ce22942519ac3e8830c,10000251,1.24,5.22,1,10000256,1.06,5.22,1,10000193,1.01,5.22,1
antys4af70d1dc23f0e3f2341096e200,10000251,1.02,5.22,1,10000303,0.99,5.22,1,10000227,0.61,5.22,1
antys4d9624a8d62ef28fc0b1ec2a40b,10000251,1.24,5.22,1,10000256,1.06,5.22,1,10000193,1.01,5.22,1
antys4eca308888ff445a934e4332003,10000251,1.24,5.22,1,10000256,1.06,5.22,1,10000193,1.01,5.22,1
antys4ff0a2eac419735b2f7f7f36f05,10000251,1.24,5.22,1,10000256,1.06,5.22,1,10000193,1.01,5.22,1
antys5154bc8761ebddab63e6da74406,10000251,1.24,5.22,1,10000256,1.06,5.22,1,10000193,1.01,5.22,1
antys51adf7ba5b3c3b38aa691a5c307,10000251,1.24,5.22,1,10000256,1.06,5.22,1,10000193,1.01,5.22,1
antys5241445def194c4de9879ef4701,10000251,1.24,5.22,1,10000256,1.06,5.22,1,10000193,1.01,5.22,1
antys5428a395d23b46f527d721d5108,10000251,1.24,5.22,1,10000256,1.06,5.22,1,10000193,1.01,5.22,1
antys545b8b468ff38bec0a3b8514404,10000251,1.24,5.22,1,10000256,1.06,5.22,1,10000193,1.01,5.22,1
antys55d77973809024b4c6973fa5808,10000251,1.24,5.22,1,10000256,1.06,5.22,1,10000193,1.01,5.22,1
antys5639ef4c5593d3c3a4dfa7ec40b,10000190,0.56,5.22,1,10000193,0.5,5.22,1,10000243,0.46,5.22,1
antys563b198699d164688e7cade810a,10000251,1.24,5.22,1,10000256,1.06,5.22,1,10000193,1.01,5.22,1
antys584977571da870ddcb7ac247f0c,10000251,1.24,5.22,1,10000256,1.06,5.22,1,10000193,1.01,5.22,1
antys5c45fb77eeb0157df4a42df050b,10000251,1.24,5.22,1,10000256,1.06,5.22,1,10000193,1.01,5.22,1
antys5d13ccac442ec07d445fafd4c03,10000251,1.24,5.22,1,10000256,1.06,5.22,1,10000193,1.01,5.22,1
antys5d1ccf6f57fb6e3a6da53b09a02,10000251,1.24,5.22,1,10000256,1.06,5.22,1,10000193,1.01,5.22,1
antys5da7277b4fd6ca32f632317520b,10000251,1.24,5.22,1,10000256,1.06,5.22,1,10000193,1.01,5.22,1
antys5fd38ce2a9d471ddab96041b10b,10000251,1.24,5.22,1,10000256,1.06,5.22,1,10000193,1.01,5.22,1
antys5fe6031c649f8493186ff85600b,10000019,8.76,13.1,1,10000139,7.09,6.23,1,10000149,4.5,5.41,1
antys62d1e90f994a07c3dbd6a34b802,10000251,1.24,5.22,1,10000256,1.06,5.22,1,10000193,1.01,5.22,1
antys62e4216e87d01911b5e40d65606,10000251,1.24,5.22,1,10000256,1.06,5.22,1,10000193,1.01,5.22,1
antys63a918b1ddac273ddd069a10805,10000251,1.24,5.22,1,10000256,1.06,5.22,1,10000193,1.01,5.22,1
antys642cc2e2fc35c495c6aa8ddcb03,10000251,1.24,5.22,1,10000256,1.06,5.22,1,10000193,1.01,5.22,1
antys65132ccace90a0252fe459d1208,10000251,1.24,5.22,1,10000256,1.06,5.22,1,10000193,1.01,5.22,1
antys65aede81e434d65ebcf8a8a0c05,10000251,1.24,5.22,1,10000256,1.06,5.22,1,10000193,1.01,5.22,1
antys66fbb776ee685ecfaee1549df03,10000251,1.24,5.22,1,10000256,1.06,5.22,1,10000193,1.01,5.22,1
antys6758c4fa265b11b2ca6b022fc00,10000251,1.24,5.22,1,10000256,1.06,5.22,1,10000193,1.01,5.22,1
antys696d879cb30df43eb7aa825ff09,10000251,1.24,5.22,1,10000256,1.06,5.22,1,10000193,1.01,5.22,1
antys6aba48454af3c37290f63d26809,10000251,1.24,5.22,1,10000256,1.06,5.22,1,10000193,1.01,5.22,1
antys6b7830e440723529893b2aca50c,10000251,1.24,5.22,1,10000256,1.06,5.22,1,10000193,1.01,5.22,1
antys6bf9d3154ecaaf632ca4b493207,10000193,0.42,5.22,1,10000238,0.42,5.22,1,10000190,0.39,5.22,1
antys6dacb8b74f7e84e1bd35e8b8809,10000251,1.24,5.22,1,10000256,1.06,5.22,1,10000193,1.01,5.22,1
antys6e48515146d61aa45f92427170c,10000251,1.24,5.22,1,10000256,1.06,5.22,1,10000193,1.01,5.22,1
antys6f95eeecf6ad4904e6464348e06,10000019,7.11,10.83,1,10000139,2.95,6.23,1,10000006,2.68,6.23,1
antys7149b31e63031efb179cf5e5107,10000251,1.24,5.22,1,10000256,1.06,5.22,1,10000193,1.01,5.22,1
antys71cf71a1e37964d786ec05dfa0c,10000251,1.24,5.22,1,10000256,1.06,5.22,1,10000193,1.01,5.22,1
antys73c73f4ab4f3a54f8182f8bd20b,10000251,1.24,5.22,1,10000256,1.06,5.22,1,10000193,1.01,5.22,1
antys73f2cc4846437bf800e99c71804,10000251,1.24,5.22,1,10000256,1.06,5.22,1,10000193,1.01,5.22,1
antys7409801cbc1fc098f8d62ae6008,10000251,1.24,5.22,1,10000256,1.06,5.22,1,10000193,1.01,5.22,1
antys751ca66fa084e0a2bfc459a770c,10000251,1.24,5.22,1,10000256,1.06,5.22,1,10000193,1.01,5.22,1
antys754598e5bdbf211c099679fee09,10000251,1.24,5.22,1,10000256,1.06,5.22,1,10000193,1.01,5.22,1
antys75a182afb92381ff323e327a206,10000251,1.24,5.22,1,10000256,1.06,5.22,1,10000193,1.01,5.22,1
antys75c30c3d198396d21c8726eaf03,10000251,1.24,5.22,1,10000256,1.06,5.22,1,10000193,1.01,5.22,1
antys778ba1352932054cfdeec0d0607,10000251,1.24,5.22,1,10000256,1.06,5.22,1,10000193,1.01,5.22,1
antys77e8e8bafe09b2c3f77faad7d0c,10000251,1.24,5.22,1,10000256,1.06,5.22,1,10000193,1.01,5.22,1
antys77fd097c539a68951813d6d8408,10000251,1.24,5.22,1,10000256,1.06,5.22,1,10000193,1.01,5.22,1
antys79821fb22cdcf21d759cc402201,10000251,1.24,5.22,1,10000256,1.06,5.22,1,10000193,1.01,5.22,1
antys79e37dadb49b105eac4f4037c00,10000251,1.24,5.22,1,10000256,1.06,5.22,1,10000193,1.01,5.22,1
antys7f2c8eaaf8ba65ea372c4176e04,10000251,1.24,5.22,1,10000256,1.06,5.22,1,10000193,1.01,5.22,1
antys80b64bb377262383fc1aa37b406,10000251,1.24,5.22,1,10000256,1.06,5.22,1,10000193,1.01,5.22,1
antys80c90714faa94f5796f57e74108,10000251,1.24,5.22,1,10000256,1.06,5.22,1,10000193,1.01,5.22,1
antys815eb77a6820bea6c1e91c8a002,10000251,1.24,5.22,1,10000256,1.06,5.22,1,10000193,1.01,5.22,1
antys81c1b3531e745094d44f1b37807,10000251,1.24,5.22,1,10000256,1.06,5.22,1,10000193,1.01,5.22,1
antys8264b7888a07db05c947f735f00,10000251,1.24,5.22,1,10000256,1.06,5.22,1,10000193,1.01,5.22,1
antys82a7b0fb45a09c2a649ecf33606,10000251,1.24,5.22,1,10000256,1.06,5.22,1,10000193,1.01,5.22,1
antys84abbbd66a3ff53a2ab0aea0b09,10000251,1.24,5.22,1,10000256,1.06,5.22,1,10000193,1.01,5.22,1
antys85fe4854487650405a31334300a,10000251,1.24,5.22,1,10000256,1.06,5.22,1,10000193,1.01,5.22,1
antys8709b758080060dde96b3b1e005,10000251,1.24,5.22,1,10000256,1.06,5.22,1,10000193,1.01,5.22,1
antys8784c1e80f779f09d1bce4ef609,10000251,1.24,5.22,1,10000256,1.06,5.22,1,10000193,1.01,5.22,1
antys8810ddd661610b027e4d0652105,10000181,0.42,5.22,1,10000190,0.38,5.22,1,10000218,0.37,5.22,1
antys88f6240d2538fea52d324da6007,10000251,1.24,5.22,1,10000256,1.06,5.22,1,10000193,1.01,5.22,1
antys8a454d9d2fde2c9b955d7685501,10000251,1.24,5.22,1,10000256,1.06,5.22,1,10000193,1.01,5.22,1
antys8a6b45160def38b8b3441cbfb03,10000251,1.24,5.22,1,10000256,1.06,5.22,1,10000193,1.01,5.22,1
antys8a7f3e0f4bf6b5503521a371805,10000251,1.24,5.22,1,10000256,1.06,5.22,1,10000193,1.01,5.22,1
antys8d7f9bf7fd552aa319e789bb00b,10000251,1.24,5.22,1,10000256,1.06,5.22,1,10000193,1.01,5.22,1
antys8e7b76ba3f1f676c9cb9ae3ca00,10000251,1.24,5.22,1,10000256,1.06,5.22,1,10000193,1.01,5.22,1
antys8e8491d30b6f0d37973ff18e50c,10000251,1.24,5.22,1,10000256,1.06,5.22,1,10000193,1.01,5.22,1
antys91985a91edd32449a146d2f7302,10000251,1.24,5.22,1,10000256,1.06,5.22,1,10000193,1.01,5.22,1
antys9272cbb43837bbc191e6af2b10a,10000251,1.24,5.22,1,10000256,1.06,5.22,1,10000193,1.01,5.22,1
antys932d03c008c67dc9dc448514601,10000251,1.24,5.22,1,10000256,1.06,5.22,1,10000193,1.01,5.22,1
antys942a2669ec0dde87353bc377f01,10000251,1.24,5.22,1,10000256,1.06,5.22,1,10000193,1.01,5.22,1
antys94eddb7fc4e585d62fc07855100,10000251,1.24,5.22,1,10000256,1.06,5.22,1,10000193,1.01,5.22,1
antys9aac28ce9a560df56168adb5a08,10000251,1.24,5.22,1,10000256,1.06,5.22,1,10000193,1.01,5.22,1
antys9c193146ba71be8c350f16ee301,10000190,0.56,5.22,1,10000193,0.5,5.22,1,10000243,0.46,5.22,1
antys9f70d6a9c62be4b8acb7c449b02,10000193,0.47,5.22,1,10000168,0.34,5.22,1,10000182,0.34,5.22,1
antysa03402dcd7a0eeff42110e32304,10000251,1.24,5.22,1,10000256,1.06,5.22,1,10000193,1.01,5.22,1
antysa49547ef62e5bd97e3dfa1e120b,10000251,1.24,5.22,1,10000256,1.06,5.22,1,10000193,1.01,5.22,1
antysaaf7318f104560d701cc1176b07,10000251,1.24,5.22,1,10000256,1.06,5.22,1,10000193,1.01,5.22,1
antysab9ceb5e9f2d035338031a00608,10000303,0.61,5.22,1,10000251,0.49,5.22,1,10000193,0.39,5.22,1
antysabe5060d372e8915bf0bf535701,10000251,1.24,5.22,1,10000256,1.06,5.22,1,10000193,1.01,5.22,1
antysaccdd13b691de3b817606d37404,10000251,1.24,5.22,1,10000256,1.06,5.22,1,10000193,1.01,5.22,1
antysb08a139b336e57dde9b3faa3208,10000181,0.42,5.22,1,10000190,0.38,5.22,1,10000218,0.37,5.22,1
antysb1d787e49d2bceecc5c7f547f0a,10000251,1.24,5.22,1,10000256,1.06,5.22,1,10000193,1.01,5.22,1
antysb2f32494234e0f588c796395905,10000251,1.24,5.22,1,10000256,1.06,5.22,1,10000193,1.01,5.22,1
antysb382d3d9e1fffebf262c9ea670c,10000251,1.24,5.22,1,10000256,1.06,5.22,1,10000193,1.01,5.22,1
antysb5bb3df04dd3a6d7caf50571703,10000251,1.24,5.22,1,10000256,1.06,5.22,1,10000193,1.01,5.22,1
antysb72eba4df72051e724914e66e0c,10000193,0.28,5.22,1,10000190,0.25,5.22,1,10000182,0.25,5.22,1
antysb8e2b67c6c3e03356870d44cc05,10000251,1.24,5.22,1,10000256,1.06,5.22,1,10000193,1.01,5.22,1
antysb8eed4124cb39327011c3afda0b,10000251,1.24,5.22,1,10000256,1.06,5.22,1,10000193,1.01,5.22,1
antysbb195dee08cdbf6bd57c69a5406,10000251,1.24,5.22,1,10000256,1.06,5.22,1,10000193,1.01,5.22,1
antysbb561a46944de35e99021fc6e0a,10000251,1.24,5.22,1,10000256,1.06,5.22,1,10000193,1.01,5.22,1
antysbb99b6df4b859c2419047168801,10000251,1.24,5.22,1,10000256,1.06,5.22,1,10000193,1.01,5.22,1
antysbe601e73397d16a1b8b7e20f201,10000251,1.24,5.22,1,10000256,1.06,5.22,1,10000193,1.01,5.22,1
antysbed82956c4446b7b82bd6298407,10000251,1.24,5.22,1,10000256,1.06,5.22,1,10000193,1.01,5.22,1
antysbf0750665fcce6c4bc63c726e05,10000251,1.24,5.22,1,10000256,1.06,5.22,1,10000193,1.01,5.22,1
antysc1355215232e2bd0144f9639b00,10000251,1.24,5.22,1,10000256,1.06,5.22,1,10000193,1.01,5.22,1
antysc13a0a49133220d586478a9ae0b,10000303,0.56,5.22,1,10000251,0.53,5.22,1,10000256,0.47,5.22,1
antysc17dad5a72fd6f80b933560590c,10000251,1.24,5.22,1,10000256,1.06,5.22,1,10000193,1.01,5.22,1
antysc1d927724da5f4fecaf4a9f4d0a,10000251,1.24,5.22,1,10000256,1.06,5.22,1,10000193,1.01,5.22,1
antysc1dbe9574f72e7570cb4d51a009,10000251,1.24,5.22,1,10000256,1.06,5.22,1,10000193,1.01,5.22,1
antysc26dd38fb09210900b996114904,10000251,1.24,5.22,1,10000256,1.06,5.22,1,10000193,1.01,5.22,1
antysc5c4c26308623c90465e0593208,10000251,1.24,5.22,1,10000256,1.06,5.22,1,10000193,1.01,5.22,1
antysc67de4f93f951c2870f540ebf07,10000251,1.24,5.22,1,10000256,1.06,5.22,1,10000193,1.01,5.22,1
antysc6e87f181dcbf5cb3447af50100,10000251,1.24,5.22,1,10000256,1.06,5.22,1,10000193,1.01,5.22,1
antysc7b97aa762eed1ac5ca1affd103,10000251,1.24,5.22,1,10000256,1.06,5.22,1,10000193,1.01,5.22,1
antysc938410b0c713f3b554ab2c590c,10000251,1.24,5.22,1,10000256,1.06,5.22,1,10000193,1.01,5.22,1
antysca44fc806f78073add2ff8a2402,10000251,1.24,5.22,1,10000256,1.06,5.22,1,10000193,1.01,5.22,1
antysca8c156cdba93d4c43439f87f0b,10000251,1.24,5.22,1,10000256,1.06,5.22,1,10000193,1.01,5.22,1
antyscae0e413c97d39651bb94e63b07,10000251,1.24,5.22,1,10000256,1.06,5.22,1,10000193,1.01,5.22,1
antyscb1f21362f652e6e10235b04708,10000251,1.24,5.22,1,10000256,1.06,5.22,1,10000193,1.01,5.22,1
antyscb23c90d58acc0ce2bfdc60f208,10000251,1.24,5.22,1,10000256,1.06,5.22,1,10000193,1.01,5.22,1
antyscbb3b926ed7a699bc5b76297205,10000251,1.24,5.22,1,10000256,1.06,5.22,1,10000193,1.01,5.22,1
antyscbbaeb969a6d8ddd52e9d254207,10000251,1.24,5.22,1,10000256,1.06,5.22,1,10000193,1.01,5.22,1
antyscd8da8a708f69eae7351441c802,10000251,1.24,5.22,1,10000256,1.06,5.22,1,10000193,1.01,5.22,1
antyscda6bf45d7a0ecdefaf83858906,1380389889,18.82,5.83,1,10000019,18.14,15.03,1,10000006,8.06,6.23,1
antysce41481f6af4901727180871807,10000251,1.24,5.22,1,10000256,1.06,5.22,1,10000193,1.01,5.22,1
antysd06af3fb53926ee012a6795e004,10000251,1.24,5.22,1,10000256,1.06,5.22,1,10000193,1.01,5.22,1
antysd078a6edd0a3317edbb85913b05,10000251,1.24,5.22,1,10000256,1.06,5.22,1,10000193,1.01,5.22,1
antysd0890139cee79c465ec574d8a09,10000251,1.24,5.22,1,10000256,1.06,5.22,1,10000193,1.01,5.22,1
antysd09b3b42268b500f0204dea2303,10000251,1.24,5.22,1,10000256,1.06,5.22,1,10000193,1.01,5.22,1
antysd2d4a445b6d0cc4d9a1fffb9102,10000251,1.24,5.22,1,10000256,1.06,5.22,1,10000193,1.01,5.22,1
antysd32a584ab5546415cd4d3c40e03,10000251,1.24,5.22,1,10000256,1.06,5.22,1,10000193,1.01,5.22,1
antysd38cbaea6a730a148b5732b9403,10000251,1.24,5.22,1,10000256,1.06,5.22,1,10000193,1.01,5.22,1
antysd49a92d0255ac84d6d4e7e1d205,10000251,1.24,5.22,1,10000256,1.06,5.22,1,10000193,1.01,5.22,1
antysd5170dc1ae27163179d397a2400,10000251,1.24,5.22,1,10000256,1.06,5.22,1,10000193,1.01,5.22,1
antysd5bfc2273521d33a2abe5c2d902,10000251,1.24,5.22,1,10000256,1.06,5.22,1,10000193,1.01,5.22,1
antysd5da71b981f5a4fdc688d59320a,10000251,1.24,5.22,1,10000256,1.06,5.22,1,10000193,1.01,5.22,1
antysd6679566ee5f6236666d4a3a609,10000139,2.88,6.23,1,10000303,1.42,5.22,1,10000251,0.88,5.22,1
antysd77b2f10081d3b79a52a15fb308,10000251,1.24,5.22,1,10000256,1.06,5.22,1,10000193,1.01,5.22,1
antysdaed9f311f14241fb1dc36a4a04,10000019,23.5,13.1,1,1380389889,18.26,5.83,1,10000006,10.29,6.23,1
antysddde34d0e521838013a185b9502,10000251,0.9,5.22,1,10000238,0.54,5.22,1,10000273,0.49,5.22,1
antysde276e89660310fe75560a1e801,10000251,1.24,5.22,1,10000256,1.06,5.22,1,10000193,1.01,5.22,1
antysde9f4f686cea761b1acca264009,10000193,0.32,5.22,1,10000190,0.29,5.22,1,10000218,0.28,5.22,1
antysdec9cca2c29752f24f0c610c40b,10000251,1.24,5.22,1,10000256,1.06,5.22,1,10000193,1.01,5.22,1
antysdf53f62bd32c752d848a4990904,10000251,1.24,5.22,1,10000256,1.06,5.22,1,10000193,1.01,5.22,1
antyse0aa9afa3ee4fc5e35fdbf2ee00,10000251,1.24,5.22,1,10000256,1.06,5.22,1,10000193,1.01,5.22,1
antyse2dce19ede3fd0a03db68e22802,10000251,1.24,5.22,1,10000256,1.06,5.22,1,10000193,1.01,5.22,1
antyse52fd75300739d590e5f7b10303,10000251,1.24,5.22,1,10000256,1.06,5.22,1,10000193,1.01,5.22,1
antyse54b145e8343984a6c688654804,10000251,1.24,5.22,1,10000256,1.06,5.22,1,10000193,1.01,5.22,1
antyse60fd562dc1968031762c96160c,10000251,1.24,5.22,1,10000256,1.06,5.22,1,10000193,1.01,5.22,1
antyse8c7d6e9d0ad4fc731cd7d58704,10000251,1.24,5.22,1,10000256,1.06,5.22,1,10000193,1.01,5.22,1
antyse8cc70d3fba7add5c1020c55701,10000303,0.56,5.22,1,10000251,0.53,5.22,1,10000256,0.47,5.22,1
antyseaa51947517f75b17c3d521e60c,10000251,1.24,5.22,1,10000256,1.06,5.22,1,10000193,1.01,5.22,1
antyseb0253b54121efdc4b1e91cad0a,10000251,1.24,5.22,1,10000256,1.06,5.22,1,10000193,1.01,5.22,1
antyseb27f49151a475fcbc1284eea03,10000251,1.24,5.22,1,10000256,1.06,5.22,1,10000193,1.01,5.22,1
antysebd8256caa34c66c4704daa2a01,10000251,1.24,5.22,1,10000256,1.06,5.22,1,10000193,1.01,5.22,1
antysec09a0ba9f88ba88db797fc0101,10000251,1.24,5.22,1,10000256,1.06,5.22,1,10000193,1.01,5.22,1
antysec3331af54ac2f0af658d7c6b0c,10000251,1.24,5.22,1,10000256,1.06,5.22,1,10000193,1.01,5.22,1
antysed68034d55e7060359be1907e04,10000251,1.24,5.22,1,10000256,1.06,5.22,1,10000193,1.01,5.22,1
antyseeb6837cf38b07dd52ec152f005,10000251,1.24,5.22,1,10000256,1.06,5.22,1,10000193,1.01,5.22,1
antysef89c25f3aee11982e538c9f507,10000251,1.24,5.22,1,10000256,1.06,5.22,1,10000193,1.01,5.22,1
antysf2f2b9c85b008fa37f1b0117e09,10000251,1.24,5.22,1,10000256,1.06,5.22,1,10000193,1.01,5.22,1
antysf347b50a1ec2072fdf26ee59903,10000251,1.24,5.22,1,10000256,1.06,5.22,1,10000193,1.01,5.22,1
antysf3d56e1c4878b852b733821be05,10000251,1.24,5.22,1,10000256,1.06,5.22,1,10000193,1.01,5.22,1
antysf4e4f906e231ab9b7d77cfb2708,10000251,1.24,5.22,1,10000256,1.06,5.22,1,10000193,1.01,5.22,1
antysf58e84533326eaa03c0d6961106,10000251,1.24,5.22,1,10000256,1.06,5.22,1,10000193,1.01,5.22,1
antysf5e19a7c4fdde80e818c876e902,10000251,1.24,5.22,1,10000256,1.06,5.22,1,10000193,1.01,5.22,1
antysf6ff499f34f15af9527d60b360c,10000251,1.24,5.22,1,10000256,1.06,5.22,1,10000193,1.01,5.22,1
antysf7202940a8d6c9275d0570e190b,10000251,1.24,5.22,1,10000256,1.06,5.22,1,10000193,1.01,5.22,1
antysf83d9c4d92e1b4cfd31e6aeb606,10000251,1.24,5.22,1,10000256,1.06,5.22,1,10000193,1.01,5.22,1
antysf885c06b0f9041d629a0f411701,10000251,1.24,5.22,1,10000256,1.06,5.22,1,10000193,1.01,5.22,1
antysf93ad83e0d16d1ccb5b93856800,10000251,1.24,5.22,1,10000256,1.06,5.22,1,10000193,1.01,5.22,1
antysfbff6ffbcc2075de785697ab909,10000251,1.24,5.22,1,10000256,1.06,5.22,1,10000193,1.01,5.22,1
antysfc31b41ff1896a67510d15f9002,10000251,1.24,5.22,1,10000256,1.06,5.22,1,10000193,1.01,5.22,1
antysfc3969fb9a1baa2bef027d44a03,10000251,1.24,5.22,1,10000256,1.06,5.22,1,10000193,1.01,5.22,1
antysfc606e80f98d613ca5f7ad3f10a,10000006,5.46,6.23,1,10000139,5.15,6.23,1,10000099,4.55,5.22,1
antysfd5b3e7773b8e1df54e3c1f8e05,10000251,1.24,5.22,1,10000256,1.06,5.22,1,10000193,1.01,5.22,1
bda05148c4e0c8b10c9fe99bc89e480c,10000251,1.24,5.22,1,10000256,1.06,5.22,1,10000193,1.01,5.22,1
c5207914a06e9809d2c3f0a5664b0406,10000251,1.24,5.22,1,10000256,1.06,5.22,1,10000193,1.01,5.22,1
cc7586e71b95088728b213b70d8e5000,10000251,1.24,5.22,1,10000256,1.06,5.22,1,10000193,1.01,5.22,1
cc9241e18bc1f27ed597062df5d5e208,10000251,1.24,5.22,1,10000256,1.06,5.22,1,10000193,1.01,5.22,1
d0217e307b496750d41a044779529700,10000251,1.24,5.22,1,10000256,1.06,5.22,1,10000193,1.01,5.22,1
d2628310517b49a8580180985d2a2302,10000292,425.77,43.48,1,10000281,315.21,63.94,1,10000279,308.48,23.59,1
e5e31acc26e945409ba57b5edea3c200,10000304,439.04,117.03,1,10000251,1.24,5.22,1,10000256,1.06,5.22,1
e72962fe8c185557b8e231c7d33f5903,10000304,439.04,117.03,1,10000251,1.24,5.22,1,10000256,1.06,5.22,1
e9b56ce87e1c4992ddcad895f1c7d000,10000251,1.24,5.22,1,10000256,1.06,5.22,1,10000193,1.01,5.22,1
ea6b8040f6eba16ac1385448a80db50a,10000292,425.77,43.48,1,10000278,33.84,23.77,1,10000251,1.24,5.22,1
eaadaa25f9509e471521f5b8bf91d208,10000064,172.08,37.78,1,10000251,1.24,5.22,1,10000256,1.06,5.22,1
ec8ea3b64a894778ffdfd11494c19a01,10000304,439.04,117.03,1,10000292,425.77,43.48,1,10000278,33.84,23.77,1
