group,column,nonnull,coverage,unique,examples
身份/快照时间,node_id,26623,1.0,26623,005173869acc7065d7b96baa59167d00; 0162a9c35208f00b3430b890fed59709; 0169e2efdf711e8aa7eab262bf99c200
身份/快照时间,online_day,26623,1.0,134,2026-03-16; 2026-06-12; 2026-04-15
身份/快照时间,attribute_day,26623,1.0,134,2026-03-15; 2026-06-11; 2026-04-14
身份/快照时间,analysis_attribute_day,4774,0.17931863426360667,134,20260315.0; 20260319.0
身份/快照时间,attribute_hour,4774,0.17931863426360667,22,23.0; 17.0
设备/系统/架构,os,6316,0.23723847800773767,6,linux; CentOS Linux
设备/系统/架构,arch,6198,0.23280622018555386,8,x86_64; host
设备/系统/架构,isvm,18400,0.6911317282049356,2,False
地域/网络基础,province,18362,0.6897043909401646,31,青海; 安徽; 天津
地域/网络基础,city,18361,0.6896668294331969,358,西宁; 合肥; 天津
地域/网络基础,isp,18362,0.6897043909401646,3,移动; 联通
地域/网络基础,nattype,6563,0.24651617022874958,6,public; full
地域/网络基础,dialtype,6564,0.24655373173571724,7,staticNetSingle; serverDial
地域/网络基础,resourcetype,18400,0.6911317282049356,2,dedicated; aggregation
设备/系统/架构,hardwaretype,0,0.0,0,
带宽/网络能力,bandwidth,4774,0.17931863426360667,3739,5000.0; 330.0; 10.0
带宽/网络能力,actualbandwidth,18430,0.6922585734139654,4850,5000.0; 2400.0; 311.91
带宽/网络能力,netbenchlimitbandwidth,18430,0.6922585734139654,3880,5000.0; 2348.55; 238.01
业务/交付/机房/管理,node_state,4774,0.17931863426360667,2,online
CPU/内存/磁盘运行状态,cpuload1,18430,0.6922585734139654,1853,5.35; 0.88; 5.7
CPU/内存/磁盘运行状态,cpuload5,18430,0.6922585734139654,1835,6.51; 0.22; 4.25
CPU/内存/磁盘运行状态,cpuload15,18430,0.6922585734139654,1811,7.12; 0.07; 4.52
CPU/内存/磁盘容量,corenum,18430,0.6922585734139654,27,104.0; 48.0; 64.0
CPU/内存/磁盘运行状态,cpuuser,4774,0.17931863426360667,47,0.02; 0.01; 0.0
CPU/内存/磁盘运行状态,cpusystem,4774,0.17931863426360667,42,0.01; 0.0; 0.05
未分组/中间字段,cpunice,4774,0.17931863426360667,6,0.0
CPU/内存/磁盘运行状态,cpuidle,4774,0.17931863426360667,1,0.0
CPU/内存/磁盘运行状态,cpuiowait,4774,0.17931863426360667,25,0.01; 0.02; 0.0
未分组/中间字段,cpuirq,4774,0.17931863426360667,10,0.0; 0.01
未分组/中间字段,cpusoftirq,4774,0.17931863426360667,20,0.01; 0.0; 0.06
未分组/中间字段,cpusteal,4774,0.17931863426360667,3,0.0
CPU/内存/磁盘容量,memtotal,18430,0.6922585734139654,849,131708140.0; 65652596.0; 65860220.0
CPU/内存/磁盘运行状态,memused,18430,0.6922585734139654,6264,22296992.0; 3003568.0; 12986896.0
CPU/内存/磁盘运行状态,memfree,18430,0.6922585734139654,6204,2411572.0; 62095120.0; 8607036.0
CPU/内存/磁盘运行状态,membufferd,18430,0.6922585734139654,4654,39780.0; 15328.0; 13744.0
CPU/内存/磁盘运行状态,memcached,18430,0.6922585734139654,6217,106959796.0; 538580.0; 44252544.0
质量/丢包/重传/RTT,retrans,4863,0.18266160838372836,114,0.09; 0.1; 0.01
质量/丢包/重传/RTT,v4pingloss,4806,0.18052060248657176,87,0.0; 3.0
质量/丢包/重传/RTT,v6pingloss,4806,0.18052060248657176,58,0.0; 66.67; 5.0
质量/丢包/重传/RTT,v4pingavgrtt,4860,0.18254892386282537,80,0.0; 15.6
质量/丢包/重传/RTT,v4pingbestrtt,4774,0.17931863426360667,1,0.0
质量/丢包/重传/RTT,v4pingworstrtt,4774,0.17931863426360667,1,0.0
质量/丢包/重传/RTT,v6pingavgrtt,4860,0.18254892386282537,80,0.0; 15.6
质量/丢包/重传/RTT,v6pingbestrtt,4774,0.17931863426360667,1,0.0
质量/丢包/重传/RTT,v6pingworstrtt,4774,0.17931863426360667,1,0.0
CPU/内存/磁盘容量,totaldisksize,18430,0.6922585734139654,795,108012307165994.0; 4344144671538.0; 36873904848891.0
CPU/内存/磁盘运行状态,totaldiskused,18430,0.6922585734139654,2202,42244321218387.0; 3870656739409.0; 24669637165705.0
CPU/内存/磁盘容量,hdddisksize,18430,0.6922585734139654,111,88290783710404.0; 0.0; 24409158136626.0
CPU/内存/磁盘运行状态,hdddiskused,18430,0.6922585734139654,149,34854518600494.0; 0.0; 15173260463305.0
CPU/内存/磁盘容量,ssddisksize,18430,0.6922585734139654,104,19241453486080.0; 3848290697216.0; 7916483719984.0
CPU/内存/磁盘运行状态,ssddiskused,18430,0.6922585734139654,233,7366727906096.0; 3848290697216.0; 5387606976101.0
CPU/内存/磁盘容量,systemdisksize,18430,0.6922585734139654,537,480069969510.0; 240088671846.0
CPU/内存/磁盘运行状态,systemdiskused,18430,0.6922585734139654,1980,23074711797.0; 6582037381.0; 40576703528.0
CPU/内存/磁盘运行状态,maxioutil,4774,0.17931863426360667,465,28.53; 21.55; 9.2
地域/网络基础,externalip,4664,0.1751868684971641,4627,111.12.158.250; 111.30.37.237; 223.167.203.209
业务/交付/机房/管理,idc_id,138,0.005183487961537017,78,687478ebd6c059599ef3596a; 691548ee61578a9727527e08; 698544bec56ad279e9a17dff
业务/交付/机房/管理,idc_name,138,0.005183487961537017,78,m-青海海东-移动-68426-2; m-天津天津-移动-1804-4; m-天津天津-移动-61026-1
业务/交付/机房/管理,node_analysis_stage,4774,0.17931863426360667,5,inService; repelled
业务/交付/机房/管理,analysis_nodecustmertype,4774,0.17931863426360667,3,nodeCustomer; unknown
业务/交付/机房/管理,analysis_nodedeliverytype,4774,0.17931863426360667,7,niulinkos
拨号/IPv6/NAT扩展,analysis_tcpnattype,4622,0.1736092852045224,5,public
拨号/IPv6/NAT扩展,analysis_udpnattype,4697,0.17642639822709688,6,public
设备/系统/架构,analysis_cgroupversion,653,0.02452766404988168,2,cgroupv1
业务/交付/机房/管理,analysis_lastdeploystate,4393,0.16500770010892837,4,complete
业务/交付/机房/管理,analysis_lastdeployscenario,4368,0.1640686624347369,35,供应商业务切换; 系统推荐-默认推荐; 内部业务切换
业务/交付/机房/管理,analysis_cooperationtype,4774,0.17931863426360667,3,直营; 渠道
业务/交付/机房/管理,analysis_supply_side_delivery_type,4771,0.17920594974270368,4,机房; 汇聚
设备/系统/架构,analysis_isroot,4774,0.17931863426360667,2,False
拨号/IPv6/NAT扩展,analysis_issupportipv6,4774,0.17931863426360667,2,True
拨号/IPv6/NAT扩展,analysis_upnpstate,4774,0.17931863426360667,2,False
未分组/中间字段,analysis_transprovrate,4774,0.17931863426360667,3,100.0
带宽/网络能力,analysis_usb_bw,4774,0.17931863426360667,3721,5000.0; 330.0; 10.0
带宽/网络能力,analysis_bw_num,4774,0.17931863426360667,23,1.0
历史在线/近期表现,analysis_serviceduration,4774,0.17931863426360667,4435,4284.024215193778; 2940.8277150306826; 5101.9307284791485
历史在线/近期表现,analysis_yesterday_p95_bw,4774,0.17931863426360667,2906,1760.338295; 1470.803044; 255.171174
历史在线/近期表现,analysis_yesterday_online_duration,4774,0.17931863426360667,1156,86399.0; 0.0
历史在线/近期表现,analysis_yesterday_evening_online_duration,4774,0.17931863426360667,656,21599.0; 0.0
历史在线/近期表现,analysis_yesterday_outline_count,4774,0.17931863426360667,47,0.0; 1.0
历史在线/近期表现,analysis_yesterday_evening_outline_count,4774,0.17931863426360667,21,0.0; 1.0
历史在线/近期表现,analysis_yesterday_snapshot_bw,4774,0.17931863426360667,3346,5000.0; 330.0; 10.0
历史在线/近期表现,analysis_yesterday_snapshot_netbench_bw,4774,0.17931863426360667,3292,5000.0; 330.0; 10.0
历史在线/近期表现,analysis_dby_online_duration,4774,0.17931863426360667,1090,86399.0; 0.0
历史在线/近期表现,analysis_dby_evening_online_duration,4774,0.17931863426360667,635,21599.0; 0.0
历史在线/近期表现,analysis_dby_outline_count,4774,0.17931863426360667,46,0.0; 1.0
历史在线/近期表现,analysis_dby_evening_outline_count,4774,0.17931863426360667,21,0.0; 1.0
历史在线/近期表现,analysis_dby_p95_bw,4774,0.17931863426360667,2863,151.16724240000002; 102.7388963; 24.8740352
历史在线/近期表现,analysis_dby_snapshot_bw,4774,0.17931863426360667,3238,5000.0; 330.0; 10.0
历史在线/近期表现,analysis_dby_snapshot_netbench_bw,4774,0.17931863426360667,3196,5000.0; 330.0; 10.0
历史在线/近期表现,analysis_dby2_p95_bw,4774,0.17931863426360667,2821,1347.289405; 863.863759; 248.317471
历史在线/近期表现,analysis_dby2_online_duration,4774,0.17931863426360667,924,86399.0; 0.0
历史在线/近期表现,analysis_dby2_outline_count,4774,0.17931863426360667,38,0.0; 1.0
历史在线/近期表现,analysis_dby2_evening_outline_count,4774,0.17931863426360667,19,0.0; 1.0
历史在线/近期表现,analysis_dby2_snapshot_netbench_bw,4774,0.17931863426360667,3104,5000.0; 330.0; 10.0
未分组/中间字段,analysis_out_bandwidth_total,4774,0.17931863426360667,3846,245729.06; 2500.0; 972.56
未分组/中间字段,analysis_out_bandwidth_node,4774,0.17931863426360667,3893,2761.0; 2500.0; 972.56
未分组/中间字段,analysis_out_limit_bandwidth_node,4774,0.17931863426360667,3411,2662.76; 2500.0; 972.56
未分组/中间字段,analysis_out_bandwidth_udp_node,4774,0.17931863426360667,2160,0.0; 1424.86; 240.42
未分组/中间字段,analysis_out_limit_bandwidth_udp_node,4774,0.17931863426360667,868,0.0; 104.8; 26.38
未分组/中间字段,analysis_out_bandwidth_udp_total,4774,0.17931863426360667,2160,0.0; 1424.86; 240.42
未分组/中间字段,analysis_udp_actual_bandwidth,4774,0.17931863426360667,2354,0.0; 1008.47; 122.47
未分组/中间字段,analysis_udp_netbench_limit_bandwidth,4774,0.17931863426360667,966,0.0; 204.43; 36.78
未分组/中间字段,analysis_conn_succeed_bw_num,4774,0.17931863426360667,24,1.0; 0.0
未分组/中间字段,analysis_abnormal_line_num,4774,0.17931863426360667,5,0.0
未分组/中间字段,analysis_ping_loss_stats_total,4774,0.17931863426360667,73,72.0; 0.0
未分组/中间字段,analysis_ping_loss_p5_abnormal,4774,0.17931863426360667,72,2.0; 0.0; 29.0
未分组/中间字段,analysis_ping_loss_p10_abnormal,4774,0.17931863426360667,73,0.0; 15.0
未分组/中间字段,analysis_retrans_stats_total,4774,0.17931863426360667,73,71.0; 72.0; 66.0
未分组/中间字段,analysis_retrans_p5_abnormal,4774,0.17931863426360667,73,71.0; 72.0; 0.0
未分组/中间字段,analysis_cpuutil_stats_total,4774,0.17931863426360667,73,71.0; 72.0; 66.0
未分组/中间字段,analysis_cpuutil_p70_abnormal,4774,0.17931863426360667,73,0.0; 3.0
未分组/中间字段,analysis_ipv4_packet_count,4774,0.17931863426360667,137,102035462.0; 85681808.0; 0.0
未分组/中间字段,analysis_ipv6_packet_count,4774,0.17931863426360667,97,53285350.0; 32633303.0; 0.0
未分组/中间字段,analysis_disk_div_bw,4774,0.17931863426360667,482,20.12; 6.11; 3.57
未分组/中间字段,rn_x,4774,0.17931863426360667,1,1.0
身份/快照时间,join_attribute_day,18371,0.6900424445028734,134,20260315.0; 20260611.0; 20260414.0
业务/交付/机房/管理,vendorid,18321,0.6881643691544905,757,68426.0; 2368.0; 1804.0
带宽/网络能力,bw,18113,0.6803515757052173,4720,5000.0; 2400.0; 330.0
业务/交付/机房/管理,deliverytype,18311,0.6877887540848139,4,idc; aggregation
地域/网络基础,join_resourcetype,18341,0.6889155992938437,2,dedicated; aggregation
地域/网络基础,join_dialtype,6503,0.24426247981069,7,staticNetSingle; serverDial
地域/网络基础,join_nattype,6502,0.24422491830372234,6,public; full
地域/网络基础,scheduleisps,225,0.008451339067723397,3,电信; 联通
业务/交付/机房/管理,regsource,18370,0.6900048829959058,2,self
业务/交付/机房/管理,customermode,5674,0.21312399053450024,1,specified
地域/网络基础,join_province,18302,0.687450700522105,31,青海; 安徽; 天津
地域/网络基础,join_isp,18302,0.687450700522105,3,移动; 联通
地域/网络基础,join_city,18301,0.6874131390151373,358,西宁; 合肥; 天津
业务/交付/机房/管理,join_ismanaged,2728,0.10246779100777523,1,True
未分组/中间字段,join_isminorisp,18341,0.6889155992938437,1,False
拨号/IPv6/NAT扩展,join_isbantransprov,329,0.01235773579235999,1,True
拨号/IPv6/NAT扩展,join_isipv6schedule,2,7.512301393531909e-05,1,True
拨号/IPv6/NAT扩展,join_natforwardenable,1,3.7561506967659545e-05,1,True
业务/交付/机房/管理,join_idcbindtype,141,0.005296172482439995,1,deviceId
业务/交付/机房/管理,join_deploystate,6143,0.23074033730233257,5,complete
设备/系统/架构,device_type,18350,0.6892536528565526,8,jarvis.A
设备/系统/架构,join_arch_type,3826,0.14371032565826541,4,host
设备/系统/架构,join_isvm,18341,0.6889155992938437,2,False
业务/交付/机房/管理,qoskiller_status,522,0.01960710663711828,3,default
设备/系统/架构,join_os,6256,0.23498478758967808,6,CentOS Linux
设备/系统/架构,join_arch,6125,0.23006423017691469,5,x86_64
设备/系统/架构,join_manufacturer,17903,0.6724636592420088,183,Inspur; INSPUR; INTEL
设备/系统/架构,join_model,18185,0.6830560042068888,653,SA5212M5; NF5270M3; SA5212M4
业务/交付/机房/管理,node_status,18430,0.6922585734139654,2,online; outline
业务/交付/机房/管理,node_stage,18370,0.6900048829959058,8,inService; repelled; bound
未分组/中间字段,join_uptime,18371,0.6900424445028734,6101,15421060.0; 52.0; 10626338.0
未分组/中间字段,join_duration_time,17077,0.641437854486722,11951,15420184.0; 10623464.0; 1056228.0
未分组/中间字段,join_has_errors,18371,0.6900424445028734,2,0.0; 1.0
未分组/中间字段,join_iptable_abnormal,18371,0.6900424445028734,1,0.0
历史在线/近期表现,join_biz_bw,18233,0.6848589565413364,13,4077.5542; 3410.4321; 0.0
历史在线/近期表现,join_yesterday_avg_peak_ratio,232,0.008714269616497013,98,36.0; 32.0; 68.0
历史在线/近期表现,sevendayavg95ratio,255,0.009578184276753183,181,38.285714285714285; 87.71428571428571; 18.714285714285715
CPU/内存/磁盘运行状态,quality_cpuutil,5677,0.21323667505540322,100,0.09; 0.16; 0.08
质量/丢包/重传/RTT,quality_retransrate,4975,0.18686849716410622,2826,10.915254237288137; 2.513888888888889; 9.403508771929824
质量/丢包/重传/RTT,quality_pinglossrate,3609,0.1355594786462833,2200,0.3; 0.646666666666667; 0.0172413793103448
质量/丢包/重传/RTT,quality_rtt,5327,0.2000901476167224,5154,17.13666666666667; 22.313333333333343; 7.572413793103447
未分组/中间字段,join_quality_retrans_abnormal,15044,0.5650753108214701,73,71.0; 0.0; 72.0
未分组/中间字段,join_quality_retrans_total,15044,0.5650753108214701,73,71.0; 72.0; 66.0
未分组/中间字段,join_quality_pingloss_p5_abnormal,15044,0.5650753108214701,73,2.0; 0.0; 29.0
未分组/中间字段,join_quality_pingloss_p5_total,15044,0.5650753108214701,73,72.0
未分组/中间字段,join_quality_pingloss_p10_abnormal,15044,0.5650753108214701,73,0.0; 15.0; 18.0
未分组/中间字段,join_quality_pingloss_p10_total,15044,0.5650753108214701,73,72.0
未分组/中间字段,join_quality_cpuutil_p70_abnormal,15044,0.5650753108214701,73,0.0
未分组/中间字段,join_quality_cpuutil_p70_total,15044,0.5650753108214701,73,71.0; 72.0; 66.0
未分组/中间字段,join_cpu_load1,18371,0.6900424445028734,1888,9.74; 0.88; 4.45
未分组/中间字段,join_cpu_load5,18371,0.6900424445028734,1906,7.6; 0.22; 6.07
未分组/中间字段,join_cpu_load15,18371,0.6900424445028734,1886,8.22; 0.07; 6.15
CPU/内存/磁盘容量,join_cpu_corenumber,18371,0.6900424445028734,27,104.0; 48.0; 64.0
CPU/内存/磁盘容量,join_cpu_totalcores,18371,0.6900424445028734,24,52.0; 24.0; 32.0
CPU/内存/磁盘容量,join_cpu_totalphysicals,18371,0.6900424445028734,12,2.0; 1.0
CPU/内存/磁盘容量,join_cpu_totalthreads,18371,0.6900424445028734,26,104.0; 48.0; 64.0
未分组/中间字段,join_cpu_idle,18371,0.6900424445028734,737,9563.5; 0.0; 5950.69999923706
CPU/内存/磁盘容量,join_memtotal,18371,0.6900424445028734,837,131708140.0; 65652596.0; 65860220.0
未分组/中间字段,join_memused,18371,0.6900424445028734,6210,22313284.0; 3003568.0; 12747688.0
未分组/中间字段,join_memfree,18371,0.6900424445028734,6127,3273216.0; 62095120.0; 6874892.0
未分组/中间字段,join_membuffers,18371,0.6900424445028734,4597,31680.0; 15328.0; 14924.0
未分组/中间字段,join_memcached,18371,0.6900424445028734,6162,106089960.0; 538580.0; 46222716.0
CPU/内存/磁盘容量,join_disks_totalsize,18371,0.6900424445028734,942,108012307165994.0; 4344144671538.0; 36873904848891.0
CPU/内存/磁盘容量,join_disks_total_size,18371,0.6900424445028734,788,108012307165994.0; 4344144671538.0; 36873904848891.0
未分组/中间字段,join_disks_total_used,18371,0.6900424445028734,2190,42244321218387.0; 3870656739409.0; 24559686002928.0
未分组/中间字段,join_disks_total_usedrate,18371,0.6900424445028734,102,0.39; 0.89; 0.67
CPU/内存/磁盘容量,join_disks_hdd_size,18371,0.6900424445028734,110,88290783710404.0; 0.0; 24409158136626.0
未分组/中间字段,join_disks_hdd_used,18371,0.6900424445028734,147,34854518600494.0; 0.0; 15063309300528.0
未分组/中间字段,join_disks_hdd_usedrate,18371,0.6900424445028734,67,0.39; 0.0; 0.62
CPU/内存/磁盘容量,join_disks_ssd_size,18371,0.6900424445028734,102,19241453486080.0; 3848290697216.0; 7916483719984.0
未分组/中间字段,join_disks_ssd_used,18371,0.6900424445028734,230,7366727906096.0; 3848290697216.0; 5387606976101.0
未分组/中间字段,join_disks_ssd_usedrate,18371,0.6900424445028734,81,0.38; 1.0; 0.68
CPU/内存/磁盘容量,join_disks_system_size,18371,0.6900424445028734,532,480069969510.0; 240088671846.0
未分组/中间字段,join_disks_system_used,18371,0.6900424445028734,1966,23074711797.0; 6582037381.0; 40576703528.0
未分组/中间字段,join_disks_system_usedrate,18371,0.6900424445028734,101,0.05; 0.01; 0.08
质量/丢包/重传/RTT,join_net_pingrtt,700,0.02629305487736168,385,17.6; 7.0; 3.8
质量/丢包/重传/RTT,join_net_tcpretransrate,683,0.025654509258911468,668,9.362; 9.3329; 0.3769
质量/丢包/重传/RTT,join_net_pinglossrate,247,0.009277692221011907,121,100.0; 0.5; 6.5
带宽/网络能力,join_actualbw,18371,0.6900424445028734,4732,5000.0; 2400.0; 311.91
带宽/网络能力,join_limitbw,18371,0.6900424445028734,2816,5000.0; 2348.55; 238.01
未分组/中间字段,join_actualbw_achieverate,18371,0.6900424445028734,4039,100.0; 94.51818181818184; 85.8469
未分组/中间字段,join_actualbw_rtt,18371,0.6900424445028734,763,13.0; 27.0; 18.0
未分组/中间字段,join_actualbw_tcpretr_rate,18371,0.6900424445028734,2786,0.0; 5.66; 35.48
未分组/中间字段,join_limitbw_achieverate,18371,0.6900424445028734,3738,100.0; 97.85625000000002; 72.12424242424242
带宽/网络能力,join_netbench_bandwidth,18371,0.6900424445028734,4732,5000.0; 2400.0; 311.91
带宽/网络能力,join_netcardbw,18233,0.6848589565413364,713,1912.4845; 1610.533; 199.9422
带宽/网络能力,join_procbw,18233,0.6848589565413364,694,1859.6911; 1565.161; 199.8123
带宽/网络能力,join_diskdivbw,18371,0.6900424445028734,537,20.12; 1.69; 6.87
未分组/中间字段,rn_y,18371,0.6900424445028734,1,1.0
身份/快照时间,dial_attribute_day,6226,0.2338579423806483,134,20260315.0; 20260611.0; 20260414.0
身份/快照时间,dial_attribute_hour,6226,0.2338579423806483,1,23.0
拨号/IPv6/NAT扩展,dial_is_normal,6226,0.2338579423806483,2,1.0
拨号/IPv6/NAT扩展,dial_ipv6_enable,6226,0.2338579423806483,2,False; True
拨号/IPv6/NAT扩展,dial_on_physical_nic,6216,0.2334823273109717,2,False; True
拨号/IPv6/NAT扩展,dial_lbtype,5653,0.2123351988881794,3,off
拨号/IPv6/NAT扩展,dial_lbtype_v6,5404,0.20298238365323218,3,off
拨号/IPv6/NAT扩展,dial_account_count,5957,0.2237538970063479,28,1.0; 8.0
未分组/中间字段,rn,6226,0.2338579423806483,1,1.0
设备/系统/架构,node_manufacturer,17903,0.6724636592420088,183,Inspur; INSPUR; INTEL
设备/系统/架构,node_model,18185,0.6830560042068888,653,SA5212M5; NF5270M3; SA5212M4
设备/系统/架构,arch_type,0,0.0,0,
CPU/内存/磁盘运行状态,mem_used_ratio,6301,0.23667505540322278,6288,0.1692909185415571; 0.0457494171289129; 0.1971887734356186
CPU/内存/磁盘运行状态,disk_used_ratio,6213,0.23336964279006875,4850,0.3911065537510059; 0.8910054871719163; 0.6690269790194718
CPU/内存/磁盘运行状态,hdd_used_ratio,287,0.010780152499718289,132,0.3947696139476765; 0.6216216216214965; 4.3111304714259434e-06
CPU/内存/磁盘运行状态,ssd_used_ratio,455,0.01709048567028509,239,0.3828571428569765; 1.0; 0.6805555555556538
CPU/内存/磁盘运行状态,system_disk_used_ratio,6209,0.2332193967621981,4811,0.0480653097725567; 0.0137105792885111; 0.0845224781908687
CPU/内存/磁盘运行状态,cpu_load1_per_core,6307,0.23690042444502873,2128,0.0514423076923076; 0.0183333333333333; 0.0890625
历史在线/近期表现,yesterday_online_ratio,4774,0.17931863426360667,1156,0.999988425925926; 0.0
历史在线/近期表现,dby_online_ratio,4774,0.17931863426360667,1090,0.999988425925926; 0.0
质量/丢包/重传/RTT,analysis_retrans_abnormal_ratio,3743,0.14059272057994968,364,1.0; 0.0; 0.3472222222222222
质量/丢包/重传/RTT,analysis_pingloss_abnormal_ratio,3657,0.13736243098073095,367,0.0277777777777777; 0.0; 0.4027777777777778
质量/丢包/重传/RTT,analysis_cpuutil_abnormal_ratio,3749,0.14081808962175563,255,0.0; 0.0416666666666666
带宽/网络能力,analysis_actual_bw_ratio,4676,0.175637606580776,3295,1.0; 0.9451818181818182
带宽/网络能力,analysis_udp_actual_bw_ratio,2732,0.10261803703564587,2527,4.933082228635719; 3.3297988036976616; 4.492668621700879
带宽/网络能力,analysis_out_limit_bw_ratio,4717,0.17717762836645007,3238,0.9644186888808404; 1.0
身份/快照时间,attribute_snapshot_mode,26623,1.0,1,online_day_minus_1d
身份/快照时间,health_snapshot_day,26623,1.0,134,2026-03-15; 2026-06-11; 2026-04-14
质量/丢包/重传/RTT,prom_retrans_ratio,2318,0.08706757315103482,2258,0.04708820308242; 4.471199074661; 7.843172744908999
SMART/ZFS健康,smart_available_spare,108,0.00405664275250723,4,99.0; 100.0; 97.0
SMART/ZFS健康,smart_case_temperature,110,0.00413176576644255,34,55.0; 38.0; 48.0
SMART/ZFS健康,smart_critical_warning,102,0.0038312737107012735,1,0.0
SMART/ZFS健康,smart_bad_block_count,1,3.7561506967659545e-05,1,200.0
SMART/ZFS健康,zfs_pool_state,0,0.0,0,
SMART/ZFS健康,zfs_dataset_read,0,0.0,0,
SMART/ZFS健康,zfs_dataset_write,0,0.0,0,
SMART/ZFS健康,zfs_pool_online,0,0.0,0,
