business,business_name,source,source_path
1,内部测试,accept_rule_inventory_customers,/Users/rj/Desktop/superset/outputs/accept_rule_inventory_20260728/customers.json
10000000,腾讯汇聚直连,node_day_ops_wide,v1_business_name_map_superset.csv
10000001,百度拨测,node_day_ops_wide,v1_business_name_map_superset.csv
10000002,百度网盘,accept_rule_inventory_customers,/Users/rj/Desktop/superset/outputs/accept_rule_inventory_20260728/customers.json
10000003,百度XCDN,node_day_ops_wide,v1_business_name_map_superset.csv
10000004,芒果汇聚,accept_rule_inventory_customers,/Users/rj/Desktop/superset/outputs/accept_rule_inventory_20260728/customers.json
10000005,快手直播,node_day_ops_wide,v1_business_name_map_superset.csv
10000006,字节小节点,node_day_ops_wide,v1_business_name_map_superset.csv
10000007,B站-mp2sp,accept_rule_inventory_customers,/Users/rj/Desktop/superset/outputs/accept_rule_inventory_20260728/customers.json
10000008,存储服务,accept_rule_inventory_customers,/Users/rj/Desktop/superset/outputs/accept_rule_inventory_20260728/customers.json
10000009,字节CDN汇聚,accept_rule_inventory_customers,/Users/rj/Desktop/superset/outputs/accept_rule_inventory_20260728/customers.json
10000010,字节拨测,node_day_ops_wide,v1_business_name_map_superset.csv
10000011,字节架构专线,accept_rule_inventory_customers,/Users/rj/Desktop/superset/outputs/accept_rule_inventory_20260728/customers.json
10000012,钛雾,node_day_ops_wide_full,v1_business_name_map_superset.csv
10000013,爱奇艺HCACHE,accept_rule_inventory_customers,/Users/rj/Desktop/superset/outputs/accept_rule_inventory_20260728/customers.json
10000014,百度XCDN专线,node_day_ops_wide,v1_business_name_map_superset.csv
10000015,斗鱼,accept_rule_inventory_customers,/Users/rj/Desktop/superset/outputs/accept_rule_inventory_20260728/customers.json
10000016,字节FCDN直播,accept_rule_inventory_customers,/Users/rj/Desktop/superset/outputs/accept_rule_inventory_20260728/customers.json
10000017,新流云汇聚,accept_rule_inventory_customers,/Users/rj/Desktop/superset/outputs/accept_rule_inventory_20260728/customers.json
10000018,空际,accept_rule_inventory_customers,/Users/rj/Desktop/superset/outputs/accept_rule_inventory_20260728/customers.json
10000019,B站盒子,node_day_ops_wide,v1_business_name_map_superset.csv
10000020,B站专线,node_day_ops_wide,v1_business_name_map_superset.csv
10000021,华为B站盒子,accept_rule_inventory_customers,/Users/rj/Desktop/superset/outputs/accept_rule_inventory_20260728/customers.json
10000022,星际非80,accept_rule_inventory_customers,/Users/rj/Desktop/superset/outputs/accept_rule_inventory_20260728/customers.json
10000023,星云非80,accept_rule_inventory_customers,/Users/rj/Desktop/superset/outputs/accept_rule_inventory_20260728/customers.json
10000024,星火80,accept_rule_inventory_customers,/Users/rj/Desktop/superset/outputs/accept_rule_inventory_20260728/customers.json
10000025,虎牙专线,accept_rule_inventory_customers,/Users/rj/Desktop/superset/outputs/accept_rule_inventory_20260728/customers.json
10000026,七牛MIKU,accept_rule_inventory_customers,/Users/rj/Desktop/superset/outputs/accept_rule_inventory_20260728/customers.json
10000027,百度字节架构汇聚,accept_rule_inventory_customers,/Users/rj/Desktop/superset/outputs/accept_rule_inventory_20260728/customers.json
10000028,天翼云,accept_rule_inventory_customers,/Users/rj/Desktop/superset/outputs/accept_rule_inventory_20260728/customers.json
10000029,YY直播,accept_rule_inventory_customers,/Users/rj/Desktop/superset/outputs/accept_rule_inventory_20260728/customers.json
10000030,山东栅格,accept_rule_inventory_customers,/Users/rj/Desktop/superset/outputs/accept_rule_inventory_20260728/customers.json
10000031,B站mini盒子,accept_rule_inventory_customers,/Users/rj/Desktop/superset/outputs/accept_rule_inventory_20260728/customers.json
10000032,华为汇聚,accept_rule_inventory_customers,/Users/rj/Desktop/superset/outputs/accept_rule_inventory_20260728/customers.json
10000033,B站-Net,accept_rule_inventory_customers,/Users/rj/Desktop/superset/outputs/accept_rule_inventory_20260728/customers.json
10000034,优酷专线,node_day_ops_wide,v1_business_name_map_superset.csv
10000035,快手mini盒子（已停用）,accept_rule_inventory_customers,/Users/rj/Desktop/superset/outputs/accept_rule_inventory_20260728/customers.json
10000036,斗鱼盒子,accept_rule_inventory_customers,/Users/rj/Desktop/superset/outputs/accept_rule_inventory_20260728/customers.json
10000037,天翼云专线,node_day_ops_wide_full,v1_business_name_map_superset.csv
10000038,字节mini盒子,node_day_ops_wide,v1_business_name_map_superset.csv
10000039,百度快手点播,accept_rule_inventory_customers,/Users/rj/Desktop/superset/outputs/accept_rule_inventory_20260728/customers.json
10000040,链尚云,accept_rule_inventory_customers,/Users/rj/Desktop/superset/outputs/accept_rule_inventory_20260728/customers.json
10000041,B站Web盒子,node_day_ops_wide,v1_business_name_map_superset.csv
10000042,华为B站web盒子,accept_rule_inventory_customers,/Users/rj/Desktop/superset/outputs/accept_rule_inventory_20260728/customers.json
10000043,网宿,accept_rule_inventory_customers,/Users/rj/Desktop/superset/outputs/accept_rule_inventory_20260728/customers.json
10000044,厦门小快,accept_rule_inventory_customers,/Users/rj/Desktop/superset/outputs/accept_rule_inventory_20260728/customers.json
10000045,百度直播Light,accept_rule_inventory_customers,/Users/rj/Desktop/superset/outputs/accept_rule_inventory_20260728/customers.json
10000046,中电智恒,accept_rule_inventory_customers,/Users/rj/Desktop/superset/outputs/accept_rule_inventory_20260728/customers.json
10000047,优酷盒子,node_day_ops_wide,v1_business_name_map_superset.csv
10000048,优酷汇聚,node_day_ops_wide,v1_business_name_map_superset.csv
10000049,B站web-mini盒子,accept_rule_inventory_customers,/Users/rj/Desktop/superset/outputs/accept_rule_inventory_20260728/customers.json
10000050,字节直播mini盒子,node_day_ops_wide,v1_business_name_map_superset.csv
10000051,白山专线,accept_rule_inventory_customers,/Users/rj/Desktop/superset/outputs/accept_rule_inventory_20260728/customers.json
10000052,好未来汇聚,accept_rule_inventory_customers,/Users/rj/Desktop/superset/outputs/accept_rule_inventory_20260728/customers.json
10000053,好未来专线,accept_rule_inventory_customers,/Users/rj/Desktop/superset/outputs/accept_rule_inventory_20260728/customers.json
10000054,字节小节点直播,node_day_ops_wide,v1_business_name_map_superset.csv
10000055,B站-v2,accept_rule_inventory_customers,/Users/rj/Desktop/superset/outputs/accept_rule_inventory_20260728/customers.json
10000056,芒果专线,accept_rule_inventory_customers,/Users/rj/Desktop/superset/outputs/accept_rule_inventory_20260728/customers.json
10000057,点心mini盒子,accept_rule_inventory_customers,/Users/rj/Desktop/superset/outputs/accept_rule_inventory_20260728/customers.json
10000058,优酷mini盒子,node_day_ops_wide,v1_business_name_map_superset.csv
10000059,360网盘盒子,accept_rule_inventory_customers,/Users/rj/Desktop/superset/outputs/accept_rule_inventory_20260728/customers.json
10000060,金山云盒子,node_day_ops_wide,v1_business_name_map_superset.csv
10000061,360汇聚,accept_rule_inventory_customers,/Users/rj/Desktop/superset/outputs/accept_rule_inventory_20260728/customers.json
10000062,普维云专线,accept_rule_inventory_customers,/Users/rj/Desktop/superset/outputs/accept_rule_inventory_20260728/customers.json
10000063,字节CDN小盒子,accept_rule_inventory_customers,/Users/rj/Desktop/superset/outputs/accept_rule_inventory_20260728/customers.json
10000064,百度小度,node_day_ops_wide,v1_business_name_map_superset.csv
10000065,B站专线-mp,node_day_ops_wide,v1_business_name_map_superset.csv
10000066,金山云mini盒子,node_day_ops_wide,v1_business_name_map_superset.csv
10000067,B站盒子mg,accept_rule_inventory_customers,/Users/rj/Desktop/superset/outputs/accept_rule_inventory_20260728/customers.json
10000068,华为非80专线,accept_rule_inventory_customers,/Users/rj/Desktop/superset/outputs/accept_rule_inventory_20260728/customers.json
10000069,腾讯汇聚P2P,node_day_ops_wide,v1_business_name_map_superset.csv
10000070,腾讯内网全锥直连,accept_rule_inventory_customers,/Users/rj/Desktop/superset/outputs/accept_rule_inventory_20260728/customers.json
10000071,七牛直播Light,accept_rule_inventory_customers,/Users/rj/Desktop/superset/outputs/accept_rule_inventory_20260728/customers.json
10000072,七牛盒子,accept_rule_inventory_customers,/Users/rj/Desktop/superset/outputs/accept_rule_inventory_20260728/customers.json
10000073,字节小直播micro,accept_rule_inventory_customers,/Users/rj/Desktop/superset/outputs/accept_rule_inventory_20260728/customers.json
10000074,腾讯直连独立,node_day_ops_wide,v1_business_name_map_superset.csv
10000075,七牛CDNLight,accept_rule_inventory_customers,/Users/rj/Desktop/superset/outputs/accept_rule_inventory_20260728/customers.json
10000076,腾讯下沉小机房,accept_rule_inventory_customers,/Users/rj/Desktop/superset/outputs/accept_rule_inventory_20260728/customers.json
10000077,中科海网,accept_rule_inventory_customers,/Users/rj/Desktop/superset/outputs/accept_rule_inventory_20260728/customers.json
10000078,七牛特招,node_day_ops_wide,v1_business_name_map_superset.csv
10000079,字节架构汇聚V2,node_day_ops_wide,v1_business_name_map_superset.csv
10000080,hn下行业务,accept_rule_inventory_customers,/Users/rj/Desktop/superset/outputs/accept_rule_inventory_20260728/customers.json
10000081,百度网盘专线（停用）,accept_rule_inventory_customers,/Users/rj/Desktop/superset/outputs/accept_rule_inventory_20260728/customers.json
10000082,sx下行,accept_rule_inventory_customers,/Users/rj/Desktop/superset/outputs/accept_rule_inventory_20260728/customers.json
10000083,B站web-mini-qn盒子,node_day_ops_wide,v1_business_name_map_superset.csv
10000084,B站mini-qn盒子,node_day_ops_wide,v1_business_name_map_superset.csv
10000085,302异网,accept_rule_inventory_customers,/Users/rj/Desktop/superset/outputs/accept_rule_inventory_20260728/customers.json
10000086,万星云in,accept_rule_inventory_customers,/Users/rj/Desktop/superset/outputs/accept_rule_inventory_20260728/customers.json
10000087,专项upB-out,node_day_ops_wide,v1_business_name_map_superset.csv
10000088,字节CDN汇聚V2,node_day_ops_wide,v1_business_name_map_superset.csv
10000089,七牛直播,accept_rule_inventory_customers,/Users/rj/Desktop/superset/outputs/accept_rule_inventory_20260728/customers.json
10000090,金山云汇聚,accept_rule_inventory_customers,/Users/rj/Desktop/superset/outputs/accept_rule_inventory_20260728/customers.json
10000091,百度直播,accept_rule_inventory_customers,/Users/rj/Desktop/superset/outputs/accept_rule_inventory_20260728/customers.json
10000092,拼多多汇聚,accept_rule_inventory_customers,/Users/rj/Desktop/superset/outputs/accept_rule_inventory_20260728/customers.json
10000093,金山汇聚交付,accept_rule_inventory_customers,/Users/rj/Desktop/superset/outputs/accept_rule_inventory_20260728/customers.json
10000094,百度小度视频,accept_rule_inventory_customers,/Users/rj/Desktop/superset/outputs/accept_rule_inventory_20260728/customers.json
10000095,百度网盘盒子,node_day_ops_wide,v1_business_name_map_superset.csv
10000096,字节架构专线V3,node_day_ops_wide,v1_business_name_map_superset.csv
10000097,专项upB-out-mini,node_day_ops_wide,v1_business_name_map_superset.csv
10000098,京东云,accept_rule_inventory_customers,/Users/rj/Desktop/superset/outputs/accept_rule_inventory_20260728/customers.json
10000099,快手miniV2,node_day_ops_wide,v1_business_name_map_superset.csv
10000100,腾讯直播80组网,accept_rule_inventory_customers,/Users/rj/Desktop/superset/outputs/accept_rule_inventory_20260728/customers.json
10000101,钛雾盒子,accept_rule_inventory_customers,/Users/rj/Desktop/superset/outputs/accept_rule_inventory_20260728/customers.json
10000102,钛雾Light,accept_rule_inventory_customers,/Users/rj/Desktop/superset/outputs/accept_rule_inventory_20260728/customers.json
10000103,金山云专线,accept_rule_inventory_customers,/Users/rj/Desktop/superset/outputs/accept_rule_inventory_20260728/customers.json
10000104,江苏移动in,accept_rule_inventory_customers,/Users/rj/Desktop/superset/outputs/accept_rule_inventory_20260728/customers.json
10000105,福建电信in,accept_rule_inventory_customers,/Users/rj/Desktop/superset/outputs/accept_rule_inventory_20260728/customers.json
10000106,百度快手移动,accept_rule_inventory_customers,/Users/rj/Desktop/superset/outputs/accept_rule_inventory_20260728/customers.json
10000107,百度快手点播盒子,accept_rule_inventory_customers,/Users/rj/Desktop/superset/outputs/accept_rule_inventory_20260728/customers.json
10000108,山东电信in,accept_rule_inventory_customers,/Users/rj/Desktop/superset/outputs/accept_rule_inventory_20260728/customers.json
10000109,专项upB-out-电信,node_day_ops_wide,v1_business_name_map_superset.csv
10000110,百度直播专线,accept_rule_inventory_customers,/Users/rj/Desktop/superset/outputs/accept_rule_inventory_20260728/customers.json
10000111,专项upB-out-mini-电信,node_day_ops_wide,v1_business_name_map_superset.csv
10000112,金山云汇聚V2,accept_rule_inventory_customers,/Users/rj/Desktop/superset/outputs/accept_rule_inventory_20260728/customers.json
10000113,金山云直播盒子,accept_rule_inventory_customers,/Users/rj/Desktop/superset/outputs/accept_rule_inventory_20260728/customers.json
10000114,金山云直播盒子V2,accept_rule_inventory_customers,/Users/rj/Desktop/superset/outputs/accept_rule_inventory_20260728/customers.json
10000115,杭州云算力,accept_rule_inventory_customers,/Users/rj/Desktop/superset/outputs/accept_rule_inventory_20260728/customers.json
10000116,良九河北联通in,accept_rule_inventory_customers,/Users/rj/Desktop/superset/outputs/accept_rule_inventory_20260728/customers.json
10000117,炜业武汉下行in,accept_rule_inventory_customers,/Users/rj/Desktop/superset/outputs/accept_rule_inventory_20260728/customers.json
10000118,资兴江苏移动in,accept_rule_inventory_customers,/Users/rj/Desktop/superset/outputs/accept_rule_inventory_20260728/customers.json
10000119,牛犇安徽联通in,accept_rule_inventory_customers,/Users/rj/Desktop/superset/outputs/accept_rule_inventory_20260728/customers.json
10000120,专项upB-out-移动,accept_rule_inventory_customers,/Users/rj/Desktop/superset/outputs/accept_rule_inventory_20260728/customers.json
10000121,专项upB-out-mini-移动,accept_rule_inventory_customers,/Users/rj/Desktop/superset/outputs/accept_rule_inventory_20260728/customers.json
10000122,金山云汇聚ern,node_day_ops_wide,v1_business_name_map_superset.csv
10000123,金山云ern_HQ,node_day_ops_wide,v1_business_name_map_superset.csv
10000124,Miku盒子,node_day_ops_wide_full,v1_business_name_map_superset.csv
10000125,金山云云主机V6,accept_rule_inventory_customers,/Users/rj/Desktop/superset/outputs/accept_rule_inventory_20260728/customers.json
10000126,金山云主机V4,accept_rule_inventory_customers,/Users/rj/Desktop/superset/outputs/accept_rule_inventory_20260728/customers.json
10000127,七牛Pcdn盒子,node_day_ops_wide,v1_business_name_map_superset.csv
10000128,安徽电信in,accept_rule_inventory_customers,/Users/rj/Desktop/superset/outputs/accept_rule_inventory_20260728/customers.json
10000129,爱奇艺mini盒子,node_day_ops_wide,v1_business_name_map_superset.csv
10000130,金山云云主机k20,accept_rule_inventory_customers,/Users/rj/Desktop/superset/outputs/accept_rule_inventory_20260728/customers.json
10000131,云算力in,accept_rule_inventory_customers,/Users/rj/Desktop/superset/outputs/accept_rule_inventory_20260728/customers.json
10000132,百度XCDN_V6,accept_rule_inventory_customers,/Users/rj/Desktop/superset/outputs/accept_rule_inventory_20260728/customers.json
10000133,拉下行免费in,accept_rule_inventory_customers,/Users/rj/Desktop/superset/outputs/accept_rule_inventory_20260728/customers.json
10000134,上量科技in,accept_rule_inventory_customers,/Users/rj/Desktop/superset/outputs/accept_rule_inventory_20260728/customers.json
10000135,快手移动,accept_rule_inventory_customers,/Users/rj/Desktop/superset/outputs/accept_rule_inventory_20260728/customers.json
10000136,济南联通in,accept_rule_inventory_customers,/Users/rj/Desktop/superset/outputs/accept_rule_inventory_20260728/customers.json
10000137,腾讯云主机,accept_rule_inventory_customers,/Users/rj/Desktop/superset/outputs/accept_rule_inventory_20260728/customers.json
10000138,七牛买断,node_day_ops_wide,v1_business_name_map_superset.csv
10000139,百度小度盒子,node_day_ops_wide,v1_business_name_map_superset.csv
10000140,B站云主机,accept_rule_inventory_customers,/Users/rj/Desktop/superset/outputs/accept_rule_inventory_20260728/customers.json
10000141,扬州电信in,accept_rule_inventory_customers,/Users/rj/Desktop/superset/outputs/accept_rule_inventory_20260728/customers.json
10000142,金山云主机V6_95,accept_rule_inventory_customers,/Users/rj/Desktop/superset/outputs/accept_rule_inventory_20260728/customers.json
10000143,快手直播Light,accept_rule_inventory_customers,/Users/rj/Desktop/superset/outputs/accept_rule_inventory_20260728/customers.json
10000144,联合网络济南in,accept_rule_inventory_customers,/Users/rj/Desktop/superset/outputs/accept_rule_inventory_20260728/customers.json
10000145,金牛墨声in,accept_rule_inventory_customers,/Users/rj/Desktop/superset/outputs/accept_rule_inventory_20260728/customers.json
10000146,远向in,accept_rule_inventory_customers,/Users/rj/Desktop/superset/outputs/accept_rule_inventory_20260728/customers.json
10000147,字节80组网,accept_rule_inventory_customers,/Users/rj/Desktop/superset/outputs/accept_rule_inventory_20260728/customers.json
10000148,定向Z,accept_rule_baseline_customer_name_map,/Users/rj/Desktop/superset/outputs/accept_rule_baseline_20260727/accept_rules_customer_name_map_20260727.json
10000149,百度小度mini盒子,node_day_ops_wide,v1_business_name_map_superset.csv
10000150,金山晚高峰,accept_rule_inventory_customers,/Users/rj/Desktop/superset/outputs/accept_rule_inventory_20260728/customers.json
10000151,定向A,accept_rule_baseline_customer_name_map,/Users/rj/Desktop/superset/outputs/accept_rule_baseline_20260727/accept_rules_customer_name_map_20260727.json
10000152,快手点播V2,accept_rule_inventory_customers,/Users/rj/Desktop/superset/outputs/accept_rule_inventory_20260728/customers.json
10000153,百度XCDN盒子,accept_rule_inventory_customers,/Users/rj/Desktop/superset/outputs/accept_rule_inventory_20260728/customers.json
10000154,腾讯点播80组网,accept_rule_inventory_customers,/Users/rj/Desktop/superset/outputs/accept_rule_inventory_20260728/customers.json
10000155,斯锐德in,accept_rule_inventory_customers,/Users/rj/Desktop/superset/outputs/accept_rule_inventory_20260728/customers.json
10000156,百度快手电联,accept_rule_inventory_customers,/Users/rj/Desktop/superset/outputs/accept_rule_inventory_20260728/customers.json
10000157,斯锐德in_Light,accept_rule_inventory_customers,/Users/rj/Desktop/superset/outputs/accept_rule_inventory_20260728/customers.json
10000158,定向K,accept_rule_baseline_customer_name_map,/Users/rj/Desktop/superset/outputs/accept_rule_baseline_20260727/accept_rules_customer_name_map_20260727.json
10000159,专项upB-out-单向,node_day_ops_wide,v1_business_name_map_superset.csv
10000160,专项upB-out-mini-单向,node_day_ops_wide,v1_business_name_map_superset.csv
10000161,大节点默认业务,accept_rule_inventory_customers,/Users/rj/Desktop/superset/outputs/accept_rule_inventory_20260728/customers.json
10000162,定向M,accept_rule_baseline_customer_name_map,/Users/rj/Desktop/superset/outputs/accept_rule_baseline_20260727/accept_rules_customer_name_map_20260727.json
10000163,字节云主机-1,accept_rule_inventory_customers,/Users/rj/Desktop/superset/outputs/accept_rule_inventory_20260728/customers.json
10000164,江苏冬云电信in,accept_rule_inventory_customers,/Users/rj/Desktop/superset/outputs/accept_rule_inventory_20260728/customers.json
10000165,金满贯TX,accept_rule_baseline_customer_name_map,/Users/rj/Desktop/superset/outputs/accept_rule_baseline_20260727/accept_rules_customer_name_map_20260727.json
10000166,聚宝盆ZJ,accept_rule_baseline_customer_name_map,/Users/rj/Desktop/superset/outputs/accept_rule_baseline_20260727/accept_rules_customer_name_map_20260727.json
10000167,幸运赚QAE,accept_rule_baseline_customer_name_map,/Users/rj/Desktop/superset/outputs/accept_rule_baseline_20260727/accept_rules_customer_name_map_20260727.json
10000168,千云电信单向in-宿迁,accept_rule_inventory_customers,/Users/rj/Desktop/superset/outputs/accept_rule_inventory_20260728/customers.json
10000169,江苏千云电信-淮安in,accept_rule_inventory_customers,/Users/rj/Desktop/superset/outputs/accept_rule_inventory_20260728/customers.json
10000170,山东枣庄下行-联通in,accept_rule_inventory_customers,/Users/rj/Desktop/superset/outputs/accept_rule_inventory_20260728/customers.json
10000171,招财喵,accept_rule_baseline_customer_name_map,/Users/rj/Desktop/superset/outputs/accept_rule_baseline_20260727/accept_rules_customer_name_map_20260727.json
10000172,SA,accept_rule_baseline_customer_name_map,/Users/rj/Desktop/superset/outputs/accept_rule_baseline_20260727/accept_rules_customer_name_map_20260727.json
10000173,SA业务-爱奇艺盒子,accept_rule_inventory_customers,/Users/rj/Desktop/superset/outputs/accept_rule_inventory_20260728/customers.json
10000174,SA业务-爱奇艺mini盒子,accept_rule_inventory_customers,/Users/rj/Desktop/superset/outputs/accept_rule_inventory_20260728/customers.json
10000175,百度网盘专线,node_day_ops_wide,v1_business_name_map_superset.csv
10000176,友商资源交付-小草,accept_rule_inventory_customers,/Users/rj/Desktop/superset/outputs/accept_rule_inventory_20260728/customers.json
10000177,百度网盘专线-ANT,node_day_ops_wide,v1_business_name_map_superset.csv
10000178,专项upB-out-micro-单向,node_day_ops_wide,v1_business_name_map_superset.csv
10000179,SA2,accept_rule_baseline_customer_name_map,/Users/rj/Desktop/superset/outputs/accept_rule_baseline_20260727/accept_rules_customer_name_map_20260727.json
10000180,钛雾mini盒子,node_day_ops_wide_full,v1_business_name_map_superset.csv
10000181,江苏冬云电信单向in,accept_rule_inventory_customers,/Users/rj/Desktop/superset/outputs/accept_rule_inventory_20260728/customers.json
10000182,优云电信单向in,accept_rule_inventory_customers,/Users/rj/Desktop/superset/outputs/accept_rule_inventory_20260728/customers.json
10000183,B站专线-盒子,node_day_ops_wide,v1_business_name_map_superset.csv
10000184,江苏移动单向in,accept_rule_inventory_customers,/Users/rj/Desktop/superset/outputs/accept_rule_inventory_20260728/customers.json
10000185,小草盒子,accept_rule_inventory_customers,/Users/rj/Desktop/superset/outputs/accept_rule_inventory_20260728/customers.json
10000186,优酷直播专线,accept_rule_inventory_customers,/Users/rj/Desktop/superset/outputs/accept_rule_inventory_20260728/customers.json
10000187,优酷直播专线Light,accept_rule_inventory_customers,/Users/rj/Desktop/superset/outputs/accept_rule_inventory_20260728/customers.json
10000188,山东联通单向家aio-in,accept_rule_inventory_customers,/Users/rj/Desktop/superset/outputs/accept_rule_inventory_20260728/customers.json
10000189,山东联通单向专aio-in,accept_rule_inventory_customers,/Users/rj/Desktop/superset/outputs/accept_rule_inventory_20260728/customers.json
10000190,江苏镇江冬云电信城域网单向in,accept_rule_inventory_customers,/Users/rj/Desktop/superset/outputs/accept_rule_inventory_20260728/customers.json
10000191,腾讯专线-80,node_day_ops_wide,v1_business_name_map_superset.csv
10000192,湖南湘谷电信in,accept_rule_inventory_customers,/Users/rj/Desktop/superset/outputs/accept_rule_inventory_20260728/customers.json
10000193,优云电信单向in-台州,accept_rule_inventory_customers,/Users/rj/Desktop/superset/outputs/accept_rule_inventory_20260728/customers.json
10000194,江苏融仕恩移动in,accept_rule_inventory_customers,/Users/rj/Desktop/superset/outputs/accept_rule_inventory_20260728/customers.json
10000195,江苏融仕恩移动单向in,accept_rule_inventory_customers,/Users/rj/Desktop/superset/outputs/accept_rule_inventory_20260728/customers.json
10000196,优云电信单向in-嘉兴,accept_rule_inventory_customers,/Users/rj/Desktop/superset/outputs/accept_rule_inventory_20260728/customers.json
10000197,天翼云V2,node_day_ops_wide,v1_business_name_map_superset.csv
10000198,Nat4专享,accept_rule_baseline_customer_name_map,/Users/rj/Desktop/superset/outputs/accept_rule_baseline_20260727/accept_rules_customer_name_map_20260727.json
10000199,四川集泽电信in,accept_rule_inventory_customers,/Users/rj/Desktop/superset/outputs/accept_rule_inventory_20260728/customers.json
10000200,江苏移动琪筱昀in,accept_rule_inventory_customers,/Users/rj/Desktop/superset/outputs/accept_rule_inventory_20260728/customers.json
10000201,拉下行测试双向in,accept_rule_inventory_customers,/Users/rj/Desktop/superset/outputs/accept_rule_inventory_20260728/customers.json
10000202,拉下行测试单向in,accept_rule_inventory_customers,/Users/rj/Desktop/superset/outputs/accept_rule_inventory_20260728/customers.json
10000203,汇聚买断,accept_rule_baseline_customer_name_map,/Users/rj/Desktop/superset/outputs/accept_rule_baseline_20260727/accept_rules_customer_name_map_20260727.json
10000204,优云联通单向in-台州,accept_rule_inventory_customers,/Users/rj/Desktop/superset/outputs/accept_rule_inventory_20260728/customers.json
10000205,优云联通单向in-厦门,accept_rule_inventory_customers,/Users/rj/Desktop/superset/outputs/accept_rule_inventory_20260728/customers.json
10000206,山东枣庄下行-联通二单向-in,accept_rule_inventory_customers,/Users/rj/Desktop/superset/outputs/accept_rule_inventory_20260728/customers.json
10000207,优云联通单向in-绍兴,accept_rule_inventory_customers,/Users/rj/Desktop/superset/outputs/accept_rule_inventory_20260728/customers.json
10000208,优云联通单向in-嘉兴,accept_rule_inventory_customers,/Users/rj/Desktop/superset/outputs/accept_rule_inventory_20260728/customers.json
10000209,优云联通单向in-湖州,accept_rule_inventory_customers,/Users/rj/Desktop/superset/outputs/accept_rule_inventory_20260728/customers.json
10000210,字节CDN汇聚V3,node_day_ops_wide,v1_business_name_map_superset.csv
10000211,集泽电信单向in-盐城,accept_rule_inventory_customers,/Users/rj/Desktop/superset/outputs/accept_rule_inventory_20260728/customers.json
10000212,扬州移动单向in,accept_rule_inventory_customers,/Users/rj/Desktop/superset/outputs/accept_rule_inventory_20260728/customers.json
10000213,扬州移动in,accept_rule_inventory_customers,/Users/rj/Desktop/superset/outputs/accept_rule_inventory_20260728/customers.json
10000214,江苏融仕恩移动单向in-南通独立C段,accept_rule_inventory_customers,/Users/rj/Desktop/superset/outputs/accept_rule_inventory_20260728/customers.json
10000215,多虚机业务A,node_day_ops_wide,v1_business_name_map_superset.csv
10000216,优云电信单向in-咸阳,accept_rule_inventory_customers,/Users/rj/Desktop/superset/outputs/accept_rule_inventory_20260728/customers.json
10000217,优云电信单向in-绍兴,accept_rule_inventory_customers,/Users/rj/Desktop/superset/outputs/accept_rule_inventory_20260728/customers.json
10000218,优云电信单向in-常州,accept_rule_inventory_customers,/Users/rj/Desktop/superset/outputs/accept_rule_inventory_20260728/customers.json
10000219,虚拟业务J,accept_rule_baseline_customer_name_map,/Users/rj/Desktop/superset/outputs/accept_rule_baseline_20260727/accept_rules_customer_name_map_20260727.json
10000220,核心交换机,accept_rule_inventory_customers,/Users/rj/Desktop/superset/outputs/accept_rule_inventory_20260728/customers.json
10000221,金山云专线v2,accept_rule_inventory_customers,/Users/rj/Desktop/superset/outputs/accept_rule_inventory_20260728/customers.json
10000222,1067扬州移动单向in,accept_rule_inventory_customers,/Users/rj/Desktop/superset/outputs/accept_rule_inventory_20260728/customers.json
10000223,江苏电信in,accept_rule_inventory_customers,/Users/rj/Desktop/superset/outputs/accept_rule_inventory_20260728/customers.json
10000224,字节CDN专线V4,node_day_ops_wide,v1_business_name_map_superset.csv
10000225,优云联通单向in-福州,accept_rule_inventory_customers,/Users/rj/Desktop/superset/outputs/accept_rule_inventory_20260728/customers.json
10000226,汇丰源,accept_rule_baseline_customer_name_map,/Users/rj/Desktop/superset/outputs/accept_rule_baseline_20260727/accept_rules_customer_name_map_20260727.json
10000227,燚汇信达联通单向in-青岛,accept_rule_inventory_customers,/Users/rj/Desktop/superset/outputs/accept_rule_inventory_20260728/customers.json
10000228,燚汇信达联通单向in-青岛-IDC,accept_rule_inventory_customers,/Users/rj/Desktop/superset/outputs/accept_rule_inventory_20260728/customers.json
10000229,天翼云80,accept_rule_inventory_customers,/Users/rj/Desktop/superset/outputs/accept_rule_inventory_20260728/customers.json
10000230,斯锐德电信单向in-宿迁,accept_rule_inventory_customers,/Users/rj/Desktop/superset/outputs/accept_rule_inventory_20260728/customers.json
10000231,燚汇信达联通in-青岛,accept_rule_inventory_customers,/Users/rj/Desktop/superset/outputs/accept_rule_inventory_20260728/customers.json
10000232,云算力联通in-十堰,accept_rule_inventory_customers,/Users/rj/Desktop/superset/outputs/accept_rule_inventory_20260728/customers.json
10000233,云快线联通单向in-济南,accept_rule_inventory_customers,/Users/rj/Desktop/superset/outputs/accept_rule_inventory_20260728/customers.json
10000234,优云电信单向in-泰州,accept_rule_inventory_customers,/Users/rj/Desktop/superset/outputs/accept_rule_inventory_20260728/customers.json
10000235,拉下行测试单向in-业务二,accept_rule_inventory_customers,/Users/rj/Desktop/superset/outputs/accept_rule_inventory_20260728/customers.json
10000236,泓汇智诚移动单向in-肇庆,accept_rule_inventory_customers,/Users/rj/Desktop/superset/outputs/accept_rule_inventory_20260728/customers.json
10000237,和顺泰电信单向in-西安,accept_rule_inventory_customers,/Users/rj/Desktop/superset/outputs/accept_rule_inventory_20260728/customers.json
10000238,优云电信单向in-湖州,accept_rule_inventory_customers,/Users/rj/Desktop/superset/outputs/accept_rule_inventory_20260728/customers.json
10000239,t-江苏泰州-电信-68526-1-叠加in,accept_rule_inventory_customers,/Users/rj/Desktop/superset/outputs/accept_rule_inventory_20260728/customers.json
10000240,优云电信单向in-扬州,accept_rule_inventory_customers,/Users/rj/Desktop/superset/outputs/accept_rule_inventory_20260728/customers.json
10000241,斯锐德电信单向in-泰州,accept_rule_inventory_customers,/Users/rj/Desktop/superset/outputs/accept_rule_inventory_20260728/customers.json
10000242,定向J2,accept_rule_baseline_customer_name_map,/Users/rj/Desktop/superset/outputs/accept_rule_baseline_20260727/accept_rules_customer_name_map_20260727.json
10000243,斯锐德电信单向in-泰州二,accept_rule_inventory_customers,/Users/rj/Desktop/superset/outputs/accept_rule_inventory_20260728/customers.json
10000244,B站专线-盒子V2,node_day_ops_wide,v1_business_name_map_superset.csv
10000245,1018吉林白城联通-叠加in,accept_rule_inventory_customers,/Users/rj/Desktop/superset/outputs/accept_rule_inventory_20260728/customers.json
10000246,斯锐德电信单向in-泰州IDC,accept_rule_inventory_customers,/Users/rj/Desktop/superset/outputs/accept_rule_inventory_20260728/customers.json
10000247,集泽电信单向in-盐城二,accept_rule_inventory_customers,/Users/rj/Desktop/superset/outputs/accept_rule_inventory_20260728/customers.json
10000248,集泽电信单向in-盐城IDC,accept_rule_inventory_customers,/Users/rj/Desktop/superset/outputs/accept_rule_inventory_20260728/customers.json
10000249,忆联电信双向in-贵阳,accept_rule_inventory_customers,/Users/rj/Desktop/superset/outputs/accept_rule_inventory_20260728/customers.json
10000250,君豪联通叠加in-白城,accept_rule_inventory_customers,/Users/rj/Desktop/superset/outputs/accept_rule_inventory_20260728/customers.json
10000251,优云联通单向in-金华,accept_rule_inventory_customers,/Users/rj/Desktop/superset/outputs/accept_rule_inventory_20260728/customers.json
10000252,集泽电信单向in-盐城IDC二,accept_rule_inventory_customers,/Users/rj/Desktop/superset/outputs/accept_rule_inventory_20260728/customers.json
10000253,集泽电信单向in-盐城B,accept_rule_inventory_customers,/Users/rj/Desktop/superset/outputs/accept_rule_inventory_20260728/customers.json
10000254,定向J3云主机,accept_rule_inventory_customers,/Users/rj/Desktop/superset/outputs/accept_rule_inventory_20260728/customers.json
10000255,云快线电信单向in-济南,accept_rule_inventory_customers,/Users/rj/Desktop/superset/outputs/accept_rule_inventory_20260728/customers.json
10000256,科光讯联通单向in-太原,accept_rule_inventory_customers,/Users/rj/Desktop/superset/outputs/accept_rule_inventory_20260728/customers.json
10000257,短J4,accept_rule_baseline_customer_name_map,/Users/rj/Desktop/superset/outputs/accept_rule_baseline_20260727/accept_rules_customer_name_map_20260727.json
10000258,斯锐德电信单向in-青岛,accept_rule_inventory_customers,/Users/rj/Desktop/superset/outputs/accept_rule_inventory_20260728/customers.json
10000259,闲时专享,accept_rule_baseline_customer_name_map,/Users/rj/Desktop/superset/outputs/accept_rule_baseline_20260727/accept_rules_customer_name_map_20260727.json
10000260,迅雷专线,accept_rule_inventory_customers,/Users/rj/Desktop/superset/outputs/accept_rule_inventory_20260728/customers.json
10000261,迅雷汇聚,accept_rule_inventory_customers,/Users/rj/Desktop/superset/outputs/accept_rule_inventory_20260728/customers.json
10000262,科光讯联通单向in-长治,accept_rule_inventory_customers,/Users/rj/Desktop/superset/outputs/accept_rule_inventory_20260728/customers.json
10000263,专项upB-out-单向-叠加,accept_rule_inventory_customers,/Users/rj/Desktop/superset/outputs/accept_rule_inventory_20260728/customers.json
10000264,overseas-test,accept_rule_inventory_customers,/Users/rj/Desktop/superset/outputs/accept_rule_inventory_20260728/customers.json
10000265,overseas-neto,accept_rule_inventory_customers,/Users/rj/Desktop/superset/outputs/accept_rule_inventory_20260728/customers.json
10000266,overseas-ppio,accept_rule_inventory_customers,/Users/rj/Desktop/superset/outputs/accept_rule_inventory_20260728/customers.json
10000267,overseas-tingyu,accept_rule_inventory_customers,/Users/rj/Desktop/superset/outputs/accept_rule_inventory_20260728/customers.json
10000268,overseas-zztest,accept_rule_inventory_customers,/Users/rj/Desktop/superset/outputs/accept_rule_inventory_20260728/customers.json
10000269,overseas-lanyiyun,accept_rule_inventory_customers,/Users/rj/Desktop/superset/outputs/accept_rule_inventory_20260728/customers.json
10000270,中硕移动单向in-济源,accept_rule_inventory_customers,/Users/rj/Desktop/superset/outputs/accept_rule_inventory_20260728/customers.json
10000271,方软电信单向in-盐城,accept_rule_inventory_customers,/Users/rj/Desktop/superset/outputs/accept_rule_inventory_20260728/customers.json
10000272,大同联通单向in,accept_rule_inventory_customers,/Users/rj/Desktop/superset/outputs/accept_rule_inventory_20260728/customers.json
10000273,方软电信单向in-盐城省内,accept_rule_inventory_customers,/Users/rj/Desktop/superset/outputs/accept_rule_inventory_20260728/customers.json
10000274,优云电信单向in-宁波,accept_rule_inventory_customers,/Users/rj/Desktop/superset/outputs/accept_rule_inventory_20260728/customers.json
10000275,1018北京联通-叠加in,node_day_ops_wide_full,v1_business_name_map_superset.csv
10000276,33792斯锐德江苏泰州电信-叠加in,node_day_ops_wide_full,v1_business_name_map_superset.csv
10000280,七牛CDN-ZJ月95,node_day_ops_wide_full,v1_business_name_map_superset.csv
10000284,七牛买断-ZJ月95,accept_rule_inventory_customers,/Users/rj/Desktop/superset/outputs/accept_rule_inventory_20260728/customers.json
10000287,优云电信单向in-连云港,accept_rule_inventory_customers,/Users/rj/Desktop/superset/outputs/accept_rule_inventory_20260728/customers.json
10000288,科光讯联通单向in-忻州,accept_rule_inventory_customers,/Users/rj/Desktop/superset/outputs/accept_rule_inventory_20260728/customers.json
10000289,腾讯C2C80组网,accept_rule_inventory_customers,/Users/rj/Desktop/superset/outputs/accept_rule_inventory_20260728/customers.json
10000290,定向Q,accept_rule_baseline_customer_name_map,/Users/rj/Desktop/superset/outputs/accept_rule_baseline_20260727/accept_rules_customer_name_map_20260727.json
10000293,万雾电信单向in-台州,accept_rule_inventory_customers,/Users/rj/Desktop/superset/outputs/accept_rule_inventory_20260728/customers.json
10000294,优酷汇聚晚高峰,node_day_ops_wide_full,v1_business_name_map_superset.csv
10000296,卓越B,accept_rule_inventory_customers,/Users/rj/Desktop/superset/outputs/accept_rule_inventory_20260728/customers.json
10000297,火山云联联通单向in-晋城,accept_rule_inventory_customers,/Users/rj/Desktop/superset/outputs/accept_rule_inventory_20260728/customers.json
10000298,集泽联通单向in-连云港,accept_rule_inventory_customers,/Users/rj/Desktop/superset/outputs/accept_rule_inventory_20260728/customers.json
10000299,天翼云分时专线,node_day_ops_wide_full,v1_business_name_map_superset.csv
10000300,B站-晚高峰21点,node_day_ops_wide_full,v1_business_name_map_superset.csv
10000301,B站-21点-停用,accept_rule_inventory_customers,/Users/rj/Desktop/superset/outputs/accept_rule_inventory_20260728/customers.json
10000302,优云联通单向in-徐州,accept_rule_inventory_customers,/Users/rj/Desktop/superset/outputs/accept_rule_inventory_20260728/customers.json
10000303,音速云联通单向in-太原,accept_rule_inventory_customers,/Users/rj/Desktop/superset/outputs/accept_rule_inventory_20260728/customers.json
10000304,快手严选,node_day_ops_wide_full,v1_business_name_map_superset.csv
10000305,卓越C,accept_rule_inventory_customers,/Users/rj/Desktop/superset/outputs/accept_rule_inventory_20260728/customers.json
10000306,云际电信in-青岛,accept_rule_inventory_customers,/Users/rj/Desktop/superset/outputs/accept_rule_inventory_20260728/customers.json
10000307,爱奇艺盒子严选,node_day_ops_wide_full,v1_business_name_map_superset.csv
10000308,专项upB-out-micro,accept_rule_inventory_customers,/Users/rj/Desktop/superset/outputs/accept_rule_inventory_20260728/customers.json
10000309,字节架构专线V3-非标（废）,accept_rule_inventory_customers,/Users/rj/Desktop/superset/outputs/accept_rule_inventory_20260728/customers.json
10000310,字节架构汇聚v2-晚高峰（废）,accept_rule_inventory_customers,/Users/rj/Desktop/superset/outputs/accept_rule_inventory_20260728/customers.json
10000311,MCDN80组网,accept_rule_inventory_customers,/Users/rj/Desktop/superset/outputs/accept_rule_inventory_20260728/customers.json
10000312,金山云闲时,node_day_ops_wide_full,v1_business_name_map_superset.csv
10000313,优云电信单向in-烟台,accept_rule_inventory_customers,/Users/rj/Desktop/superset/outputs/accept_rule_inventory_20260728/customers.json
10000314,机房管理机,accept_rule_inventory_customers,/Users/rj/Desktop/superset/outputs/accept_rule_inventory_20260728/customers.json
10000315,天翼云专线晚2,accept_rule_inventory_customers,/Users/rj/Desktop/superset/outputs/accept_rule_inventory_20260728/customers.json
10000316,金山云闲时20,accept_rule_inventory_customers,/Users/rj/Desktop/superset/outputs/accept_rule_inventory_20260728/customers.json
10000317,定向省内专线,accept_rule_baseline_customer_name_map,/Users/rj/Desktop/superset/outputs/accept_rule_baseline_20260727/accept_rules_customer_name_map_20260727.json
10000318,定向出省专线,accept_rule_baseline_customer_name_map,/Users/rj/Desktop/superset/outputs/accept_rule_baseline_20260727/accept_rules_customer_name_map_20260727.json
10000319,OS-tt,accept_rule_inventory_customers,/Users/rj/Desktop/superset/outputs/accept_rule_inventory_20260728/customers.json
10000320,善佩联通单向in-朔州,accept_rule_inventory_customers,/Users/rj/Desktop/superset/outputs/accept_rule_inventory_20260728/customers.json
1380317970,快手点播,node_day_ops_wide,v1_business_name_map_superset.csv
1380389889,爱奇艺盒子,node_day_ops_wide,v1_business_name_map_superset.csv
1380460970,七牛CDN,node_day_ops_wide,v1_business_name_map_superset.csv
1381044116,B站-v,accept_rule_inventory_customers,/Users/rj/Desktop/superset/outputs/accept_rule_inventory_20260728/customers.json
1381526443,爱奇艺,node_day_ops_wide,v1_business_name_map_superset.csv
1381989696,网聚云联,accept_rule_inventory_customers,/Users/rj/Desktop/superset/outputs/accept_rule_inventory_20260728/customers.json
1382490022,快手盒子,node_day_ops_wide,v1_business_name_map_superset.csv
1382522065,字节架构汇聚,node_day_ops_wide,v1_business_name_map_superset.csv
1382573903,曲率,accept_rule_inventory_customers,/Users/rj/Desktop/superset/outputs/accept_rule_inventory_20260728/customers.json
1382620146,白山汇聚,accept_rule_inventory_customers,/Users/rj/Desktop/superset/outputs/accept_rule_inventory_20260728/customers.json
1382649737,腾讯专线,node_day_ops_wide,v1_business_name_map_superset.csv
1382680008,字节CDN专线,node_day_ops_wide,v1_business_name_map_superset.csv
1382867979,虎牙,accept_rule_inventory_customers,/Users/rj/Desktop/superset/outputs/accept_rule_inventory_20260728/customers.json
1382894470,新流云专线,accept_rule_inventory_customers,/Users/rj/Desktop/superset/outputs/accept_rule_inventory_20260728/customers.json
2,小盒子默认业务,accept_rule_inventory_customers,/Users/rj/Desktop/superset/outputs/accept_rule_inventory_20260728/customers.json
10000277,七牛买断-虚拟业务10000277,niulink_virtual_binding,node_day_ops_wide_full.vendorSuggestCustomersName
10000278,七牛CDN-虚拟业务10000278,niulink_virtual_binding,node_day_ops_wide_full.vendorSuggestCustomersName
10000279,七牛特招-虚拟业务10000279,niulink_virtual_binding,node_day_ops_wide_full.vendorSuggestCustomersName
10000281,七牛特招-虚拟业务10000281,niulink_virtual_binding,node_day_ops_wide_full.vendorSuggestCustomersName
10000282,七牛CDN-虚拟业务10000282,niulink_virtual_binding,node_day_ops_wide_full.vendorSuggestCustomersName
10000286,七牛买断-虚拟业务10000286,niulink_virtual_binding,node_day_ops_wide_full.vendorSuggestCustomersName
10000291,七牛买断-虚拟业务10000291,niulink_virtual_binding,node_day_ops_wide_full.vendorSuggestCustomersName
10000292,七牛CDN-虚拟业务10000292,niulink_virtual_binding,node_day_ops_wide_full.vendorSuggestCustomersName
10000295,七牛CDN-虚拟业务10000295,niulink_virtual_binding,node_day_ops_wide_full.vendorSuggestCustomersName
4200000001,七牛CDN-虚拟业务4200000001,niulink_virtual_binding,node_day_ops_wide_full.vendorSuggestCustomersName
10000323,腾讯盒子,node_day_ops_wide_full,business_binding_audit_202608
10000325,天翼云专线80单机,node_day_ops_wide_full,business_binding_audit_202608
